id.orig_h,count
1.117.115.149,2
1.157.51.240,1
1.202.114.96,1
1.22.221.82,1
1.22.244.89,1
1.23.101.121,2
1.23.129.36,1
1.234.41.218,28
1.27.235.33,1
1.36.164.212,1
1.81.207.87,1
1.83.125.113,1
1.83.125.122,8
100.20.101.27,2
100.24.14.241,10
101.0.33.91,1
101.0.45.110,1
101.128.72.42,1
101.128.74.244,1
101.255.144.67,1
101.255.76.26,1
101.31.143.74,1
101.35.48.108,1
101.36.106.84,1
101.36.111.135,1
101.36.116.253,11
101.36.116.38,2
101.36.118.5,1
101.36.121.208,1
101.36.122.154,1
101.36.122.161,1
101.36.97.125,25
101.71.209.102,1
101.80.202.148,1
102.130.245.181,1
102.134.188.85,1
102.141.35.151,1
102.212.200.139,1
102.215.117.84,1
102.219.122.13,1
102.68.39.252,1
102.68.79.229,1
103.101.201.146,3
103.103.3.245,1
103.108.61.212,1
103.109.80.48,1
103.111.114.4,1
103.115.125.119,1
103.115.125.162,1
103.116.52.251,1
103.116.53.106,5
103.116.53.117,1
103.122.163.228,3
103.123.1.112,1
103.123.1.153,1
103.123.70.83,1
103.14.224.90,2
103.14.225.161,4
103.141.136.18,3
103.144.49.198,1
103.145.184.19,1
103.147.67.234,1
103.149.192.10,1
103.149.192.102,3
103.149.192.107,1
103.149.192.116,3
103.149.192.120,2
103.149.192.122,1
103.149.192.130,2
103.149.192.133,2
103.149.192.134,3
103.149.192.14,2
103.149.192.150,1
103.149.192.153,1
103.149.192.178,1
103.149.192.182,1
103.149.192.185,1
103.149.192.186,3
103.149.192.193,1
103.149.192.196,1
103.149.192.205,1
103.149.192.210,1
103.149.192.213,1
103.149.192.224,1
103.149.192.228,1
103.149.192.236,1
103.149.192.30,1
103.149.192.35,1
103.149.192.45,2
103.149.192.46,1
103.149.192.5,1
103.149.192.80,1
103.149.192.84,1
103.149.192.96,2
103.149.27.194,2
103.149.61.37,1
103.15.62.113,1
103.151.240.81,2
103.154.2.254,1
103.155.140.46,1
103.156.86.18,1
103.159.198.173,1
103.162.59.218,1
103.167.205.187,1
103.167.92.218,2
103.168.233.152,1
103.169.174.204,1
103.169.34.47,2
103.171.189.36,1
103.171.189.44,1
103.172.47.22,1
103.176.168.115,4
103.178.228.27,14
103.178.228.36,12
103.178.229.198,2
103.178.229.208,2
103.178.229.220,1
103.178.235.32,8
103.179.0.146,1
103.179.248.246,1
103.187.191.132,8
103.190.107.71,5
103.190.121.73,4
103.200.20.70,7
103.208.207.134,1
103.211.12.91,1
103.212.90.16,1
103.218.241.103,3
103.218.242.63,1
103.218.243.165,1
103.220.30.6,1
103.221.254.140,1
103.224.218.94,2
103.228.112.122,1
103.228.74.173,8
103.233.68.209,4
103.239.245.241,5
103.241.65.32,1
103.248.119.140,1
103.250.38.194,1
103.252.119.153,2
103.253.181.74,1
103.254.56.202,1
103.254.57.135,1
103.28.35.33,2
103.38.182.138,1
103.38.182.161,1
103.38.182.165,1
103.39.8.107,1
103.40.196.60,1
103.40.196.88,1
103.41.27.189,1
103.43.19.38,1
103.45.246.241,3
103.50.5.214,1
103.53.19.253,1
103.56.61.132,13
103.56.61.144,4
103.58.249.61,1
103.61.254.90,1
103.68.85.84,23
103.69.217.102,1
103.69.217.198,1
103.7.247.211,1
103.71.47.46,1
103.73.225.183,1
103.77.172.108,3
103.77.172.30,60
103.79.167.181,1
103.79.35.17,1
103.84.37.68,1
103.87.26.58,1
103.88.232.80,4
103.88.233.67,4
103.88.233.69,3
103.88.233.92,4
103.89.59.141,2
103.90.207.50,1
103.91.19.101,2
103.93.177.18,2
103.93.177.30,1
103.93.179.3,1
103.96.104.79,1
104.131.128.14,3
104.131.144.22,3
104.131.144.29,3
104.131.144.30,12
104.131.144.39,3
104.131.144.7,16
104.140.148.102,3
104.167.222.2,210
104.168.96.242,10
104.199.31.214,2
104.203.241.124,1
104.218.165.102,25
104.236.128.46,3
104.243.37.41,3
104.248.129.104,3
104.248.130.34,3
104.248.143.84,2
104.248.152.18,2
104.248.162.165,2
104.248.165.145,1
104.248.172.61,1
104.248.204.195,1
104.248.229.49,9
104.248.64.91,1
104.47.2.254,4
105.107.16.222,1
105.174.40.214,1
105.226.13.22,1
106.137.124.117,2
106.178.142.86,1
106.178.151.58,1
106.4.159.185,2
106.55.107.106,1
106.57.165.190,1
106.75.133.48,2
106.75.14.86,8
106.75.145.229,4
106.75.147.114,2
106.75.156.249,2
106.75.164.14,4
106.75.164.148,4
106.75.2.88,1
106.75.24.22,1
106.75.26.84,1
106.75.27.228,1
106.75.28.71,1
106.75.3.7,1
106.75.33.202,3
106.75.34.182,1
106.75.34.68,1
106.75.47.14,3
106.75.49.149,1
106.75.60.240,1
106.75.61.219,1
106.75.62.169,1
106.75.63.60,1
106.75.65.228,1
106.75.67.240,1
106.75.70.232,2
106.75.70.50,3
106.75.71.157,1
106.75.71.52,1
106.75.71.64,2
106.75.72.126,2
106.75.72.2,1
106.75.73.178,1
106.75.74.118,1
106.75.77.196,1
106.75.78.150,1
106.75.86.142,2
106.75.9.36,1
106.75.92.33,1
107.135.209.88,2
107.150.103.146,25
107.150.105.209,16
107.150.127.188,12
107.155.56.171,6
107.170.208.31,3
107.170.208.5,3
107.170.226.22,3
107.170.226.30,1
107.170.226.6,3
107.170.227.16,3
107.170.227.23,3
107.170.227.28,1
107.170.227.34,4
107.170.227.4,4
107.170.228.17,12
107.170.228.33,1
107.170.228.37,1
107.170.229.49,4
107.170.229.62,4
107.170.230.14,1
107.170.230.26,3
107.170.230.27,4
107.170.231.30,3
107.170.232.47,12
107.170.232.6,3
107.170.233.10,4
107.170.233.20,3
107.170.233.21,3
107.170.234.14,3
107.170.234.19,1
107.170.234.29,4
107.170.234.39,4
107.170.235.12,1
107.170.236.15,4
107.170.237.12,3
107.170.237.34,3
107.170.238.25,12
107.170.238.41,12
107.170.238.43,3
107.170.238.48,12
107.170.239.30,4
107.170.239.39,3
107.170.239.48,4
107.170.240.15,4
107.170.240.35,4
107.170.240.44,12
107.170.241.17,3
107.170.241.52,1
107.170.241.6,4
107.170.241.8,1
107.170.242.5,1
107.170.242.6,3
107.170.243.10,1
107.170.243.25,3
107.170.244.10,1
107.170.244.11,12
107.170.244.33,3
107.170.245.4,4
107.170.245.5,1
107.170.246.13,3
107.170.246.18,3
107.170.247.10,16
107.170.247.15,3
107.170.247.16,4
107.170.248.11,1
107.170.248.23,1
107.170.248.34,12
107.170.249.63,1
107.170.250.10,2
107.170.250.13,1
107.170.250.20,3
107.170.250.22,3
107.170.250.24,4
107.170.251.12,4
107.170.252.45,12
107.170.252.56,3
107.170.252.58,4
107.170.252.61,1
107.170.253.21,3
107.170.253.7,4
107.170.253.8,4
107.170.254.19,1
107.170.254.27,16
107.170.255.16,1
107.170.255.24,3
107.170.255.29,1
107.170.255.9,1
107.173.15.27,3
107.189.12.37,6
107.189.13.73,7
107.189.14.109,53
107.211.89.204,1
108.198.26.242,1
108.21.187.212,1
109.107.78.149,1
109.110.151.220,4
109.111.145.246,1
109.111.148.238,1
109.115.234.125,1
109.122.232.25,1
109.123.234.233,1
109.123.243.220,8
109.125.160.233,1
109.15.35.174,3
109.162.159.182,1
109.162.226.138,2
109.182.48.172,1
109.184.126.242,1
109.184.136.135,1
109.196.65.173,1
109.20.76.110,4
109.201.30.94,1
109.205.213.30,23
109.205.213.94,27
109.206.242.25,4
109.206.242.49,10
109.207.121.10,1
109.207.200.42,8
109.207.200.43,42
109.74.204.123,215
109.93.254.205,1
109.94.225.109,1
109.94.225.126,1
110.132.178.86,2
110.137.103.5,1
110.172.142.86,1
110.177.176.187,1
110.177.177.198,1
110.177.177.93,1
110.34.7.5,1
110.39.41.202,1
110.43.84.21,1
110.43.84.22,2
110.52.195.237,1
110.77.137.56,1
110.77.180.44,1
110.77.241.48,1
111.224.248.162,1
111.224.6.41,1
111.230.69.95,1
111.48.77.145,1
111.61.85.206,2
111.61.93.196,1
111.85.200.102,1
111.85.200.164,1
111.85.200.235,1
111.92.123.12,1
111.92.22.116,1
111.92.73.127,1
111.92.78.245,1
112.146.159.75,2
112.172.251.182,1
112.185.26.212,1
112.186.129.117,1
112.193.6.170,1
112.239.70.165,1
112.239.70.70,1
112.248.189.75,1
112.46.68.132,122
112.46.68.137,1
112.46.68.142,1
112.46.68.143,2
112.46.68.145,121
112.46.68.148,1
112.46.68.151,1
112.46.68.154,2
112.46.68.155,3
112.46.68.158,1
112.46.68.161,2
112.46.68.162,1
112.46.68.163,122
112.46.68.167,1
112.46.68.169,1
112.46.68.172,1
112.46.68.173,121
112.46.68.174,121
112.46.68.176,121
112.46.68.177,121
112.46.68.179,122
112.46.68.186,121
112.46.68.187,1
112.46.68.188,1
112.46.68.194,2
112.46.68.195,1
112.46.68.196,1
112.46.68.199,121
112.46.68.203,1
112.46.68.204,1
112.46.68.205,3
112.46.68.206,1
112.46.68.208,1
112.46.68.209,1
112.46.68.212,122
112.46.68.213,1
112.46.68.216,3
112.46.68.217,3
112.46.68.219,242
112.46.68.220,1
112.46.68.224,1
112.46.68.225,1
112.46.68.226,1
112.46.68.228,1
112.46.68.230,2
112.46.68.231,121
112.46.68.234,1
112.46.68.235,123
112.46.68.237,1
112.46.68.239,3
112.46.68.245,1
112.46.68.248,1
112.46.68.249,1
112.46.68.250,1
112.46.68.252,2
112.66.96.77,1
112.94.191.108,1
112.94.96.51,1
113.100.252.222,2
113.11.45.32,1
113.116.242.210,1
113.18.14.59,1
113.198.137.150,58
113.30.148.170,2
113.30.189.95,1
113.61.198.12,1
113.68.64.99,1
114.100.177.35,1
114.129.206.159,1
114.134.21.36,1
114.144.245.64,2
114.145.212.254,2
114.227.48.50,2
114.234.198.205,1
114.246.242.244,135
114.29.236.158,2
114.35.199.216,1
114.46.168.113,1
114.96.73.222,1
115.179.173.176,2
115.186.128.178,1
115.21.251.150,1
115.23.220.253,1
115.234.155.19,1
115.237.170.173,1
115.238.44.237,4
115.48.140.82,1
115.57.98.152,1
115.60.156.243,1
115.63.11.228,1
115.68.163.121,4
115.73.216.167,1
115.85.83.61,1
116.0.4.122,1
116.103.228.107,3
116.103.228.108,3
116.103.228.112,1
116.103.228.163,13
116.103.228.183,1
116.103.228.37,19
116.103.228.93,3
116.103.229.131,4
116.176.0.137,1
116.202.83.116,10
116.204.229.236,1
116.48.33.88,1
116.58.232.152,1
116.68.101.24,1
116.68.104.92,1
116.89.103.158,2
117.192.217.160,1
117.192.222.154,1
117.192.223.11,1
117.194.160.26,1
117.195.84.12,1
117.196.112.39,1
117.196.125.163,1
117.196.21.53,1
117.196.50.183,1
117.197.39.8,1
117.198.38.213,1
117.199.45.22,1
117.201.64.190,2
117.201.90.69,1
117.202.213.127,1
117.202.214.107,1
117.204.87.171,1
117.205.106.209,1
117.205.244.97,1
117.208.101.45,1
117.208.97.165,1
117.210.184.22,1
117.210.221.94,1
117.211.243.41,1
117.211.250.51,1
117.211.252.41,1
117.211.46.95,1
117.212.161.69,1
117.212.169.59,1
117.212.229.154,1
117.213.44.106,1
117.214.180.211,2
117.214.253.201,1
117.215.234.17,1
117.215.235.219,1
117.215.244.255,1
117.215.4.161,1
117.216.23.253,1
117.220.206.74,1
117.220.72.110,1
117.221.120.94,1
117.222.163.116,1
117.222.180.179,1
117.222.184.63,1
117.222.200.41,1
117.222.40.193,1
117.222.42.167,1
117.222.7.140,1
117.233.137.215,2
117.233.171.34,1
117.233.184.63,1
117.233.207.74,1
117.233.249.175,1
117.235.105.6,1
117.235.112.87,1
117.235.113.54,2
117.235.121.231,1
117.235.133.248,1
117.235.213.88,2
117.235.248.3,1
117.235.54.86,1
117.235.58.58,1
117.235.74.179,1
117.235.77.205,1
117.239.218.91,1
117.240.163.19,1
117.242.249.118,1
117.243.206.90,1
117.243.241.13,1
117.243.246.202,1
117.245.164.69,3
117.245.169.118,3
117.245.93.10,2
117.252.171.181,1
117.253.102.86,1
117.253.110.239,1
117.253.141.163,1
117.253.242.122,2
117.253.247.114,1
117.253.254.111,1
117.253.29.9,1
117.253.52.54,4
117.253.58.189,1
117.253.98.235,1
117.255.17.165,1
117.255.180.147,1
117.255.25.52,1
117.41.205.86,1
117.50.37.112,3
117.89.132.156,4
117.90.168.167,1
118.123.105.85,8
118.123.105.86,16
118.127.105.182,1
118.127.117.170,1
118.131.101.123,1
118.163.199.186,6
118.174.128.228,1
118.174.128.229,1
118.179.203.50,1
118.193.32.180,5
118.193.34.114,1
118.193.36.159,11
118.193.36.232,7
118.193.38.58,16
118.193.40.71,1
118.193.45.5,11
118.193.46.93,1
118.193.47.225,1
118.193.58.159,1
118.193.59.109,1
118.193.59.232,2
118.194.250.113,1
118.194.250.122,1
118.244.192.11,1
118.249.103.79,1
118.34.189.218,1
118.41.72.230,1
118.43.119.236,1
118.68.218.218,2
118.99.112.6,1
119.139.34.217,1
119.148.45.170,1
119.15.212.192,1
119.15.85.192,1
119.179.239.122,1
119.18.145.147,1
119.185.140.186,1
119.194.16.58,1
119.196.36.182,1
119.198.247.59,1
119.203.231.81,1
119.236.38.235,1
119.237.135.181,1
119.28.161.236,2
119.42.114.174,1
119.60.104.139,1
119.60.105.3,1
119.65.114.123,1
119.82.239.34,4
119.83.207.202,1
119.86.60.83,1
119.91.30.216,1
119.92.169.241,1
119.97.70.66,2
120.0.52.184,1
120.211.145.96,2
120.211.218.142,1
120.231.216.204,1
120.232.252.13,1
120.24.57.237,1
120.241.117.199,1
120.29.225.101,16
120.29.225.102,11
120.29.225.103,9
120.29.225.104,7
120.29.225.105,15
120.29.225.106,8
120.29.225.107,9
120.29.225.108,7
120.29.225.109,8
120.57.208.125,1
120.57.221.252,1
120.78.75.128,1
120.79.226.167,1
120.79.48.81,90
120.85.112.101,1
120.85.113.119,1
120.85.114.192,1
120.85.114.91,1
120.85.116.241,1
120.85.118.156,1
120.85.183.14,1
120.86.252.65,1
120.86.252.9,1
121.139.252.211,1
121.140.11.171,4
121.147.18.114,1
121.156.213.59,1
121.178.69.94,1
121.179.203.189,2
121.186.71.38,1
121.188.88.70,9
121.190.76.253,1
121.199.164.1,1
121.200.63.162,1
121.204.252.155,5
121.21.126.110,1
121.231.202.45,1
121.46.25.189,15
121.54.227.253,1
121.56.26.176,8
121.56.26.197,1
121.6.217.232,1
121.62.236.105,1
122.116.232.81,1
122.129.112.220,1
122.133.140.200,1
122.193.100.12,1
122.193.75.243,3
122.194.11.82,1
122.58.72.24,1
122.58.77.253,1
122.96.28.144,1
122.96.28.70,1
122.96.31.138,1
122.96.31.139,1
123.12.228.4,1
123.14.211.3,1
123.145.2.155,1
123.160.221.17,1
123.181.124.45,4
123.191.130.73,1
123.191.135.54,1
123.191.139.106,1
123.202.60.60,1
123.205.89.83,1
123.231.203.135,1
123.254.109.117,14
123.254.109.225,30
124.156.223.178,1
124.156.223.97,3
124.197.102.82,1
124.234.136.54,1
124.234.155.92,2
124.235.138.209,1
124.235.138.222,1
124.235.138.43,1
124.255.20.126,1
124.31.106.123,1
124.61.116.245,2
124.85.94.80,1
124.90.48.203,1
125.125.249.166,1
125.135.65.52,1
125.136.128.12,1
125.139.141.175,1
125.160.224.30,1
125.163.15.156,1
125.164.20.143,1
125.164.21.77,1
125.165.104.9,1
125.166.117.166,1
125.167.116.217,1
125.26.169.21,1
125.41.105.42,1
125.43.227.184,1
125.47.88.127,1
125.59.105.207,2
125.84.237.30,1
125.84.238.63,1
126.60.210.129,1
128.1.132.247,1
128.1.138.201,2
128.1.248.26,19
128.1.248.42,13
128.14.133.58,5
128.14.134.134,12
128.14.134.170,8
128.14.136.78,2
128.14.141.34,24
128.14.188.107,3
128.14.209.162,19
128.14.209.26,1
128.14.209.38,3
128.199.128.54,1
128.199.224.185,7
128.199.28.24,1
128.199.28.253,2
128.199.40.222,1
128.199.42.205,1
128.199.77.96,26
128.199.96.22,1
13.52.163.80,2
130.211.54.158,5
130.43.68.194,1
130.43.79.112,1
130.93.147.82,8
131.100.188.6,1
131.161.44.221,1
133.130.162.134,1
133.218.140.198,2
134.122.100.65,1
134.122.106.248,6
134.122.106.57,1
134.122.110.126,10
134.122.114.4,2
134.122.30.157,13
134.122.55.222,2
134.122.57.128,1
134.122.96.145,1
134.19.179.235,3
134.209.102.47,3
134.209.183.163,2
134.209.183.55,1
134.209.207.215,2
134.209.226.118,7
134.209.254.251,2
134.209.29.249,1
134.236.117.31,1
134.236.155.179,1
134.255.231.236,2
135.181.2.74,3
137.184.105.192,3
137.184.112.103,6
137.184.137.237,1
137.184.166.35,1
137.184.186.4,8
137.184.190.188,9
137.184.190.205,4
137.184.190.246,3
137.184.208.30,4
137.184.216.141,5
137.184.217.189,2
137.184.226.250,3
137.184.255.28,3
137.184.255.43,1
137.184.85.24,6
137.184.89.22,6
137.184.95.216,6
137.226.113.56,30
138.122.20.84,1
138.197.140.233,2
138.197.142.86,2
138.197.15.3,6
138.197.152.201,3
138.197.200.23,2
138.197.204.67,16
138.197.36.33,16
138.197.84.189,7
138.199.38.35,22
138.219.108.19,1
138.255.222.110,1
138.255.222.22,1
138.59.11.194,1
138.68.128.9,40
138.68.129.143,1
138.68.137.204,1
138.68.150.0,1
138.68.151.3,1
138.68.153.47,6
138.68.176.25,2
138.68.183.158,1
138.68.208.14,3
138.68.208.40,4
138.68.208.8,7
138.68.232.207,2
138.68.248.59,2
138.68.48.27,2
138.68.63.7,2
139.144.110.163,1
139.144.110.170,10
139.144.16.137,7
139.144.16.22,3
139.144.177.151,1
139.144.179.96,1
139.162.190.203,2
139.162.44.69,1
139.162.63.90,1
139.170.202.66,1
139.177.202.34,2
139.190.150.127,2
139.196.43.156,3
139.224.230.172,6
139.59.168.119,2
139.59.169.5,5
139.59.181.170,1
139.59.182.43,2
139.59.20.196,2
139.59.230.130,6
139.59.42.255,7
139.59.58.140,6
139.59.66.203,3
139.59.69.30,1
139.59.70.63,5
139.59.77.147,1
139.59.83.211,7
139.99.118.168,1
139.99.9.160,7
14.102.188.55,1
14.102.19.171,1
14.102.21.168,1
14.102.49.28,1
14.102.58.9,1
14.139.216.56,8
14.18.105.198,1
14.18.80.3,3
14.204.44.140,1
14.204.44.192,1
14.204.44.196,1
14.204.44.59,1
14.23.91.82,7
14.237.104.97,1
14.250.70.187,1
14.33.209.180,1
14.35.124.148,2
14.46.11.180,2
14.46.45.223,1
14.47.213.111,2
14.53.44.237,1
140.224.64.168,1
140.99.6.122,2
141.105.141.60,1
141.255.164.98,45
141.98.11.207,99
141.98.11.60,79
142.147.89.218,7
142.147.89.226,123
142.147.89.232,813
142.4.218.114,9
142.93.115.5,6
142.93.141.149,2
142.93.158.198,2
142.93.163.144,2
142.93.169.200,8
142.93.218.102,5
142.93.233.136,1
142.93.31.87,2
142.93.64.251,12
143.107.98.233,1
143.110.160.140,1
143.110.172.223,1
143.110.172.250,1
143.110.176.81,1
143.110.182.33,10
143.110.186.233,5
143.110.200.26,2
143.110.239.2,12
143.137.152.186,1
143.198.201.142,2
143.198.204.19,2
143.198.238.87,4
143.198.28.8,2
143.198.68.20,3
143.198.98.192,14
143.244.140.236,1
143.244.161.126,2
143.244.188.200,5
143.244.50.173,3
143.255.242.139,1
143.255.242.146,1
143.255.242.220,1
143.255.242.236,1
143.255.242.94,2
143.255.34.76,1
143.42.76.146,4
144.126.197.142,10
144.126.201.32,10
144.126.206.188,6
144.126.230.84,1
144.126.238.244,1
144.172.241.94,2
144.255.18.49,1
144.255.31.27,1
144.48.232.246,1
145.255.28.55,1
146.158.56.0,1
146.185.132.10,1
146.19.191.138,5
146.19.215.165,5
146.19.215.178,3
146.190.119.114,9
146.190.119.189,6
146.190.139.158,22
146.190.166.168,6
146.190.41.214,7
146.190.60.194,1
146.190.66.121,6
146.190.88.221,2
146.66.164.51,1
147.139.212.71,16
147.182.154.58,3
147.182.172.50,1
147.182.206.40,1
147.53.200.144,1
149.19.164.36,1
149.28.138.67,340
149.34.207.134,1
149.34.252.30,2
149.5.172.117,16
149.5.172.120,11
15.204.52.61,7
15.222.29.23,1
15.235.155.5,2
150.158.20.185,35
151.15.84.14,4
151.192.171.188,1
151.232.162.176,1
151.234.190.50,1
151.234.191.166,1
151.234.191.193,1
151.234.195.177,1
151.235.147.48,1
151.235.17.57,1
151.235.183.245,1
151.235.189.209,1
151.235.198.228,1
151.235.210.125,1
151.235.215.160,1
151.235.228.203,1
151.235.243.31,1
151.235.248.43,1
151.235.37.238,1
151.236.244.83,1
151.238.125.174,1
151.238.138.245,1
151.238.176.207,1
151.238.182.218,3
151.238.67.69,1
151.239.232.95,1
151.239.246.181,2
151.241.167.252,1
151.241.174.132,1
151.241.64.138,1
151.241.66.169,1
151.241.69.88,2
151.241.74.30,1
151.241.83.235,1
151.241.85.219,1
151.241.85.3,1
151.241.93.57,1
151.242.245.74,1
151.242.247.70,1
151.243.144.94,1
151.243.165.236,1
151.245.32.222,1
151.245.33.34,1
151.245.37.15,1
151.245.8.94,1
151.245.9.12,1
151.246.127.159,1
151.246.127.98,1
151.246.14.48,1
151.246.150.172,1
151.246.176.132,1
151.247.184.28,1
151.247.19.32,1
151.247.209.116,1
151.248.190.53,1
151.38.100.132,430
151.77.176.223,1
151.81.132.139,16
152.231.49.44,1
152.32.132.233,1
152.32.132.248,1
152.32.133.238,1
152.32.135.231,12
152.32.140.200,25
152.32.147.130,25
152.32.154.144,6
152.32.157.187,1
152.32.163.181,13
152.32.172.215,1
152.32.175.70,1
152.32.187.174,4
152.32.187.204,2
152.32.187.221,4
152.32.188.228,2
152.32.192.222,3
152.32.192.243,1
152.32.198.4,25
152.32.210.168,27
152.32.213.223,1
152.32.214.240,4
152.32.215.136,1
152.32.217.103,25
152.32.221.195,29
152.32.227.252,25
152.32.233.110,2
152.32.234.128,3
152.32.234.183,1
152.32.239.3,1
152.32.240.210,2
152.32.247.22,4
152.32.247.49,2
152.32.251.187,1
152.32.253.11,1
152.89.198.113,12
153.0.89.34,1
154.113.122.234,1
154.204.27.140,1
154.6.130.21,3
154.72.144.6,1
156.155.163.100,6
156.210.136.236,1
157.119.227.131,1
157.119.249.95,1
157.230.128.101,1
157.230.159.19,2
157.230.160.205,2
157.230.52.2,3
157.230.58.3,9
157.230.8.75,3
157.231.51.20,2
157.245.149.180,4
157.245.150.241,3
157.245.151.146,1
157.245.168.73,2
157.245.193.185,1
157.245.200.180,8
157.245.245.248,7
157.245.57.199,2
157.245.62.114,7
157.245.71.148,6
157.245.96.55,7
157.55.39.215,1
157.55.39.223,3
157.55.39.225,1
157.90.139.156,1
159.203.133.168,29
159.203.192.14,3
159.203.192.15,3
159.203.192.16,1
159.203.192.23,3
159.203.192.33,3
159.203.192.45,3
159.203.208.13,3
159.203.208.23,12
159.203.208.38,3
159.203.208.51,4
159.203.224.26,1
159.203.224.35,4
159.203.224.39,3
159.203.224.7,3
159.203.240.10,3
159.203.240.23,1
159.203.40.43,1
159.203.62.100,2
159.203.84.40,2
159.203.97.131,2
159.223.104.137,2
159.223.12.224,4
159.223.129.59,6
159.223.136.180,4
159.223.154.6,5
159.223.156.137,2
159.223.19.68,1
159.223.217.87,3
159.223.31.193,4
159.223.48.120,5
159.226.94.140,104
159.65.111.248,21
159.65.115.110,2
159.65.120.34,2
159.65.16.141,1
159.65.184.21,7
159.65.188.128,2
159.65.207.182,1
159.65.219.198,2
159.65.244.173,2
159.65.46.19,7
159.65.53.45,1
159.65.90.172,2
159.89.174.213,7
159.89.174.31,1
159.89.18.56,2
159.89.236.56,2
159.89.32.236,2
159.89.34.212,5
160.218.103.53,1
160.238.157.5,1
160.242.75.189,1
161.35.157.58,1
161.35.160.166,1
161.35.160.82,1
161.35.164.35,1
161.35.173.172,2
161.35.186.16,5
161.35.22.109,6
161.35.35.51,1
161.35.43.210,1
161.35.45.63,1
161.35.46.157,1
161.35.75.223,8
161.35.93.225,2
162.142.125.11,105
162.142.125.12,130
162.142.125.13,122
162.142.125.14,183
162.142.125.213,1
162.142.125.214,103
162.142.125.215,115
162.142.125.216,95
162.142.125.217,117
162.142.125.221,7
162.142.125.222,5
162.142.125.223,120
162.142.125.224,110
162.142.125.225,79
162.142.125.226,69
162.19.177.86,1
162.204.111.29,1
162.208.49.249,5
162.216.149.100,2
162.216.149.152,1
162.216.149.199,1
162.216.149.218,2
162.216.149.221,1
162.216.149.222,1
162.216.149.227,1
162.216.149.56,1
162.216.149.80,1
162.216.150.132,2
162.216.150.137,1
162.216.150.139,1
162.216.150.159,2
162.216.150.172,1
162.216.150.19,2
162.216.150.242,1
162.216.150.27,5
162.216.150.29,2
162.216.150.42,1
162.216.150.9,2
162.221.192.26,15
162.240.100.5,5
162.240.105.70,22
162.240.237.185,4
162.243.128.12,1
162.243.128.49,3
162.243.128.6,3
162.243.129.10,4
162.243.129.21,1
162.243.130.25,12
162.243.131.17,4
162.243.131.31,4
162.243.131.32,13
162.243.131.42,1
162.243.132.21,1
162.243.132.24,3
162.243.132.33,4
162.243.132.7,3
162.243.133.13,6
162.243.133.17,3
162.243.133.35,4
162.243.133.38,13
162.243.133.43,4
162.243.133.47,4
162.243.134.10,4
162.243.134.13,1
162.243.134.17,3
162.243.134.20,4
162.243.135.17,1
162.243.135.22,3
162.243.135.29,4
162.243.135.31,3
162.243.135.9,1
162.243.136.12,4
162.243.136.22,12
162.243.136.35,12
162.243.136.41,5
162.243.136.62,12
162.243.136.79,4
162.243.136.8,1
162.243.137.10,4
162.243.137.16,16
162.243.138.46,3
162.243.139.10,1
162.243.139.18,1
162.243.139.19,7
162.243.139.9,4
162.243.140.28,4
162.243.140.31,1
162.243.140.32,7
162.243.141.12,1
162.243.141.20,6
162.243.141.22,12
162.243.141.24,3
162.243.141.26,1
162.243.141.30,3
162.243.142.16,1
162.243.142.37,16
162.243.142.57,3
162.243.143.39,12
162.243.143.48,12
162.243.143.53,4
162.243.143.60,1
162.243.144.27,8
162.243.144.29,4
162.243.144.4,8
162.243.144.6,4
162.243.144.8,3
162.243.144.9,4
162.243.145.16,1
162.243.145.17,1
162.243.145.44,3
162.243.145.45,16
162.243.145.54,4
162.243.146.13,1
162.243.146.15,3
162.243.146.19,1
162.243.146.29,4
162.243.146.50,3
162.243.147.17,4
162.243.147.4,4
162.243.148.23,4
162.243.148.62,1
162.243.149.11,3
162.243.149.26,4
162.243.150.10,8
162.243.150.12,1
162.243.150.15,4
162.243.150.8,12
162.243.150.9,4
162.243.151.15,2
162.243.151.26,4
162.243.151.35,1
162.243.151.9,4
162.243.152.12,1
162.243.152.15,3
162.243.152.27,4
162.243.152.28,4
162.243.152.45,3
162.243.152.47,3
162.246.16.194,3
162.247.23.22,2
162.33.178.240,66
162.72.52.150,1
163.125.138.80,1
163.172.134.179,4
163.172.31.140,1
163.53.82.150,1
164.164.119.131,10
164.90.140.44,7
164.90.167.180,1
164.90.193.91,2
164.90.199.206,3
164.90.202.89,1
164.92.105.7,3
164.92.117.229,14
164.92.135.38,3
164.92.139.181,8
164.92.218.142,1
164.92.232.89,4
165.154.119.15,3
165.154.119.37,24
165.154.119.44,12
165.154.119.50,1
165.154.119.8,4
165.154.134.201,4
165.154.134.208,4
165.154.172.85,4
165.154.36.96,21
165.173.1.140,1
165.22.109.216,1
165.22.160.197,2
165.22.175.13,2
165.22.230.33,2
165.22.47.52,3
165.22.60.26,6
165.227.136.109,2
165.227.147.215,6
165.227.16.153,3
165.227.172.104,2
165.227.180.205,1
165.227.224.158,10
165.227.234.7,1
165.227.235.24,1
165.227.4.23,2
165.227.47.218,11
165.227.54.206,4
165.227.55.4,6
165.227.56.221,2
165.227.62.247,3
165.227.96.35,5
165.232.104.65,10
165.232.168.206,4
165.232.38.198,1
165.232.42.250,7
165.232.45.71,1
165.232.73.237,9
165.232.98.7,3
165.255.76.81,1
167.172.112.89,6
167.172.155.208,2
167.172.219.157,9
167.172.225.28,4
167.172.250.11,6
167.172.49.169,2
167.172.56.109,1
167.172.59.0,1
167.248.133.123,5
167.248.133.124,96
167.248.133.125,65
167.248.133.126,157
167.248.133.127,86
167.248.133.182,5
167.248.133.183,2
167.248.133.184,8
167.248.133.185,15
167.248.133.186,12
167.248.133.187,19
167.248.133.188,37
167.248.133.189,17
167.248.133.190,50
167.248.133.191,14
167.248.133.33,105
167.248.133.34,104
167.248.133.35,100
167.248.133.36,103
167.248.133.37,82
167.248.133.38,109
167.248.133.49,158
167.248.133.50,45
167.248.133.51,115
167.248.133.52,85
167.71.13.195,1
167.71.133.68,3
167.71.136.32,2
167.71.144.156,2
167.71.196.193,2
167.71.229.198,6
167.71.38.167,1
167.71.38.185,4
167.71.48.214,2
167.86.86.2,5
167.94.138.124,155
167.94.138.125,165
167.94.138.126,82
167.94.138.127,215
167.94.138.33,121
167.94.138.34,83
167.94.138.35,85
167.94.138.36,118
167.94.138.49,83
167.94.138.50,77
167.94.138.51,87
167.94.138.52,127
167.94.145.51,6
167.94.145.53,19
167.94.145.54,19
167.94.145.55,16
167.94.145.56,2
167.94.145.57,114
167.94.145.58,82
167.94.145.59,112
167.94.145.60,97
167.94.146.51,5
167.94.146.52,13
167.94.146.53,50
167.94.146.55,48
167.94.146.56,49
167.94.146.57,120
167.94.146.58,114
167.94.146.59,99
167.94.146.60,156
167.99.112.43,5
167.99.13.19,17
167.99.130.208,1
167.99.177.104,3
167.99.182.71,1
167.99.195.18,10
167.99.197.98,1
167.99.198.163,1
167.99.204.153,1
167.99.220.163,6
167.99.221.63,1
167.99.223.199,5
167.99.228.66,2
167.99.56.95,1
167.99.87.105,1
167.99.87.120,2
167.99.88.40,2
167.99.91.10,4
167.99.92.76,1
167.99.94.199,1
167.99.94.203,1
168.121.107.152,1
168.149.232.116,1
168.195.252.169,1
168.196.145.255,1
168.227.182.66,1
168.228.165.172,1
168.228.166.134,1
168.232.12.218,1
168.232.13.134,1
168.232.13.190,1
168.232.13.194,1
168.232.13.29,1
168.232.14.106,1
168.232.14.142,1
168.232.14.20,1
168.232.15.158,1
168.232.15.238,1
168.232.41.194,1
168.90.162.86,1
169.1.30.6,1
169.255.190.10,1
169.255.26.77,1
170.0.55.75,1
170.106.115.151,1
170.106.115.253,1
170.106.115.55,1
170.106.173.40,2
170.106.174.246,1
170.106.176.49,2
170.187.230.188,3
170.231.196.2,1
170.239.130.215,1
170.254.73.177,1
170.254.73.242,1
170.254.73.243,1
170.254.75.197,1
170.64.130.197,6
170.64.134.120,12
170.64.134.89,3
170.64.144.134,1
170.64.154.131,7
170.64.154.53,7
170.64.166.144,11
170.64.177.164,2
170.64.177.80,7
170.64.183.129,5
170.64.183.148,7
170.64.183.235,2
170.64.187.191,2
170.64.190.223,5
170.64.192.71,5
170.64.192.90,2
170.78.160.230,1
170.79.82.154,1
170.83.105.51,1
170.84.93.122,1
171.116.200.130,1
171.12.10.127,1
171.120.24.138,1
171.22.8.104,1
171.34.176.150,1
171.34.176.191,1
172.104.105.156,1
172.104.11.34,13
172.104.11.4,16
172.104.11.46,13
172.104.11.51,15
172.104.131.24,4
172.104.137.47,40
172.104.210.105,10
172.104.23.201,2
172.104.242.173,1
172.104.78.83,6
172.105.115.245,1
172.105.128.11,15
172.105.128.12,20
172.105.128.13,18
172.105.246.139,69
172.105.77.209,2
172.119.59.220,2
172.233.192.75,1
172.93.111.122,2
172.94.9.202,8
172.94.9.231,4
173.16.242.13,1
173.212.243.253,3
173.214.173.178,20
173.249.31.135,5
173.27.44.36,2
173.33.123.137,1
173.82.142.226,3
174.138.21.175,2
174.4.239.117,1
174.61.119.4,3
175.107.0.69,1
175.107.1.45,1
175.107.13.170,1
175.107.13.35,1
175.107.13.82,1
175.107.13.97,1
175.150.147.68,1
175.152.35.148,1
175.164.148.98,1
175.204.24.234,1
175.214.71.230,1
175.215.144.98,1
176.106.151.156,1
176.108.11.33,1
176.111.174.31,9
176.111.222.88,1
176.112.64.3,1
176.115.241.78,1
176.115.249.220,1
176.119.246.10,1
176.120.99.147,1
176.137.65.234,4
176.142.216.185,4
176.206.165.57,96
176.206.71.181,1758
176.212.68.3,1
176.236.222.231,1
176.241.18.33,4
176.37.132.254,1
176.53.20.44,2
176.58.101.22,1
176.77.117.220,1
176.97.210.105,22
176.97.210.177,1
176.97.210.62,3
177.10.166.136,1
177.124.74.32,1
177.126.58.19,1
177.126.58.43,1
177.126.58.74,1
177.130.56.250,2
177.131.121.228,1
177.131.125.89,1
177.132.54.217,3
177.133.149.217,2
177.155.128.120,1
177.185.102.109,1
177.185.117.136,7
177.185.157.10,1
177.185.157.8,1
177.185.208.178,1
177.190.146.98,1
177.200.16.10,1
177.223.105.201,1
177.46.32.100,1
177.52.26.37,1
177.52.26.62,1
177.52.81.195,1
177.54.82.150,1
177.71.90.71,1
177.75.222.67,1
177.84.174.237,1
177.84.237.26,1
177.84.40.1,1
177.84.40.27,1
177.84.58.150,1
177.92.25.18,1
178.115.232.85,1
178.128.145.129,6
178.128.152.119,21
178.128.167.72,1
178.128.214.24,1
178.128.24.116,5
178.128.40.176,1
178.128.45.252,1
178.128.54.245,1
178.128.84.112,9
178.128.95.222,7
178.130.148.227,1
178.130.163.222,2
178.134.42.162,1
178.137.243.33,1
178.137.75.18,1
178.150.54.4,1
178.155.12.157,1
178.158.249.33,1
178.159.5.52,4
178.163.51.244,1
178.163.79.149,1
178.169.223.216,1
178.19.183.14,1
178.19.39.232,1
178.19.47.116,1
178.19.47.118,1
178.212.49.195,1
178.212.49.26,1
178.212.49.61,1
178.212.53.32,1
178.212.55.14,2
178.214.255.243,1
178.217.101.107,1
178.239.151.105,1
178.32.197.80,5
178.32.197.81,2
178.32.197.82,3
178.32.197.83,1
178.32.197.84,2
178.32.197.85,3
178.32.197.86,4
178.32.197.87,1
178.32.197.88,9
178.32.197.89,1
178.32.197.90,8
178.32.197.91,2
178.32.197.92,3
178.32.197.93,3
178.32.197.94,2
178.32.197.95,3
178.34.119.29,6
178.34.152.14,1
178.34.177.42,1
178.44.164.168,1
178.47.139.59,1
178.48.14.225,4
178.62.1.132,1
178.62.10.234,1
178.62.11.160,1
178.62.21.196,1
178.62.24.231,10
178.62.65.132,1
178.62.71.194,4
178.62.8.201,1
178.62.80.79,1
178.62.81.62,1
178.72.76.182,2
178.79.139.171,47
179.157.248.20,8
179.189.198.129,1
179.191.48.136,1
179.209.10.225,1
179.218.100.228,1
179.38.163.145,1
179.43.142.153,4
179.43.163.132,10
179.43.163.133,2
179.43.163.134,3
179.43.177.244,5
179.43.183.210,4
179.43.190.98,3
179.43.191.194,34
179.49.141.182,1
179.60.147.7,7
179.60.216.19,1
179.62.52.89,2
179.97.245.86,1
18.144.5.131,2
18.144.88.102,1
18.206.234.70,1
18.207.197.135,3
18.215.237.200,10
180.11.132.39,1
180.11.154.1,2
180.149.125.159,13
180.149.125.164,1
180.149.125.165,1
180.149.125.167,6
180.149.125.170,3
180.149.125.171,1
180.149.125.172,2
180.149.125.173,2
180.225.13.60,3
180.241.3.93,1
180.241.47.4,1
180.242.235.180,1
180.244.139.191,1
180.244.160.100,1
180.249.203.147,1
180.46.186.26,1
181.113.120.70,1
181.113.22.6,2
181.115.72.71,1
181.129.137.29,1
181.160.29.7,4
181.191.39.218,1
181.192.18.166,1
181.196.189.126,1
181.197.106.195,1
181.208.252.244,1
181.214.164.109,4
181.228.203.247,1
181.23.144.120,4
181.233.90.151,1
181.236.179.221,1
181.28.110.62,1
181.37.126.89,1
181.41.206.226,10
181.52.206.247,1
181.81.246.129,1
182.114.193.85,1
182.124.74.250,1
182.126.200.80,1
182.126.83.245,1
182.138.158.210,1
182.155.33.79,2
182.155.57.155,1
182.160.124.186,1
182.186.141.143,1
182.208.193.46,1
182.213.145.141,1
182.253.159.0,1
182.253.245.163,1
182.42.60.18,1
182.56.176.35,2
182.92.179.69,1
183.109.114.197,1
183.109.135.203,1
183.109.167.60,1
183.136.225.32,14
183.136.225.42,152
183.136.225.5,80
183.188.107.230,1
183.96.140.185,1
183.97.77.122,1
183.99.132.196,1
184.105.139.100,3
184.105.139.101,1
184.105.139.102,1
184.105.139.103,8
184.105.139.104,1
184.105.139.105,1
184.105.139.106,4
184.105.139.107,1
184.105.139.108,9
184.105.139.110,6
184.105.139.111,2
184.105.139.112,1
184.105.139.113,7
184.105.139.114,6
184.105.139.116,2
184.105.139.117,10
184.105.139.118,1
184.105.139.119,20
184.105.139.120,3
184.105.139.121,2
184.105.139.122,7
184.105.139.123,1
184.105.139.124,10
184.105.139.125,4
184.105.139.126,7
184.105.139.67,15
184.105.139.68,16
184.105.139.69,12
184.105.139.70,1
184.105.139.72,1
184.105.139.73,4
184.105.139.74,1
184.105.139.75,2
184.105.139.76,2
184.105.139.77,2
184.105.139.78,1
184.105.139.79,1
184.105.139.80,4
184.105.139.81,4
184.105.139.82,1
184.105.139.83,6
184.105.139.84,4
184.105.139.85,9
184.105.139.86,2
184.105.139.87,3
184.105.139.88,4
184.105.139.89,2
184.105.139.91,4
184.105.139.92,1
184.105.139.94,1
184.105.139.95,7
184.105.139.97,3
184.105.139.98,1
184.105.247.194,20
184.105.247.195,10
184.105.247.196,11
184.105.247.198,3
184.105.247.199,8
184.105.247.200,7
184.105.247.202,1
184.105.247.203,8
184.105.247.206,1
184.105.247.207,4
184.105.247.208,1
184.105.247.210,3
184.105.247.211,2
184.105.247.212,13
184.105.247.214,3
184.105.247.215,1
184.105.247.218,3
184.105.247.219,2
184.105.247.222,1
184.105.247.224,6
184.105.247.226,2
184.105.247.227,2
184.105.247.228,6
184.105.247.230,1
184.105.247.231,1
184.105.247.234,7
184.105.247.235,23
184.105.247.236,2
184.105.247.238,20
184.105.247.239,8
184.105.247.242,4
184.105.247.243,1
184.105.247.244,26
184.105.247.246,8
184.105.247.247,22
184.105.247.250,1
184.105.247.251,18
184.105.247.252,28
184.105.247.254,20
184.163.11.58,2
184.169.248.151,2
184.56.53.204,1
185.106.94.117,8
185.11.61.117,4
185.131.31.244,2
185.131.31.52,1
185.140.103.104,1
185.141.37.175,1
185.142.236.34,25
185.142.236.35,3
185.142.236.36,10
185.149.35.78,1
185.150.237.43,1
185.151.174.187,1
185.156.46.118,1
185.16.137.171,1
185.16.138.177,1
185.16.138.191,1
185.165.190.34,6
185.168.174.10,1
185.17.0.134,3
185.178.64.12,1
185.18.72.80,1
185.180.140.4,9
185.180.140.5,8
185.180.140.6,14
185.180.143.11,45
185.180.143.12,2
185.180.143.13,3
185.180.143.136,7
185.180.143.137,3
185.180.143.138,4
185.180.143.140,29
185.180.143.141,32
185.180.143.142,7
185.180.143.143,3
185.180.143.145,6
185.180.143.146,1
185.180.143.147,1
185.180.143.18,15
185.180.143.188,18
185.180.143.189,13
185.180.143.190,13
185.180.143.47,1
185.180.143.48,16
185.180.143.49,27
185.180.143.50,16
185.180.143.6,22
185.180.143.7,6
185.180.143.71,16
185.180.143.72,9
185.180.143.73,1
185.180.143.75,3
185.180.143.77,1
185.180.143.79,4
185.180.143.8,3
185.180.143.80,46
185.180.143.81,30
185.181.102.18,3
185.189.182.234,7
185.210.157.84,4
185.214.205.178,1
185.215.60.161,1
185.216.71.6,3
185.218.110.232,1
185.220.101.46,1
185.220.204.126,6
185.220.87.166,1
185.220.87.204,1
185.224.128.113,3
185.224.128.151,23
185.224.128.17,27
185.224.128.219,1
185.225.74.229,2
185.229.65.170,3
185.233.19.101,1
185.233.19.103,1
185.233.19.106,2
185.233.19.107,1
185.233.19.108,1
185.233.19.110,2
185.233.19.114,1
185.233.19.117,1
185.233.19.134,1
185.233.19.135,3
185.233.19.137,2
185.233.19.138,2
185.233.19.140,2
185.233.19.141,1
185.233.19.143,2
185.233.19.146,1
185.233.19.148,2
185.233.19.152,2
185.233.19.153,1
185.233.19.154,1
185.233.19.156,1
185.233.19.157,2
185.233.19.159,1
185.233.19.162,1
185.233.19.163,1
185.233.19.164,1
185.233.19.165,2
185.233.19.166,1
185.233.19.167,1
185.233.19.169,3
185.233.19.172,1
185.233.19.174,1
185.233.19.177,2
185.233.19.182,1
185.233.19.189,1
185.233.19.19,1
185.233.19.191,2
185.233.19.193,3
185.233.19.200,1
185.233.19.201,3
185.233.19.202,1
185.233.19.203,1
185.233.19.204,1
185.233.19.206,1
185.233.19.207,2
185.233.19.208,1
185.233.19.209,1
185.233.19.210,2
185.233.19.212,1
185.233.19.213,2
185.233.19.214,2
185.233.19.215,1
185.233.19.216,2
185.233.19.218,1
185.233.19.219,1
185.233.19.220,1
185.233.19.222,1
185.233.19.223,1
185.233.19.229,2
185.233.19.233,2
185.233.19.235,11
185.233.19.29,1
185.233.19.4,2
185.233.19.44,5
185.233.19.45,1
185.233.19.69,1
185.233.19.72,1
185.233.19.73,1
185.233.19.75,1
185.233.19.76,1
185.233.19.77,1
185.233.19.80,3
185.233.19.95,1
185.233.19.97,1
185.236.228.8,1
185.240.97.239,1
185.252.179.182,12
185.253.160.141,5
185.254.199.55,6
185.254.199.61,6
185.254.199.64,24
185.254.37.7,167
185.255.47.35,1
185.28.155.26,1
185.36.81.33,84
185.38.150.80,3
185.39.182.147,1
185.42.130.111,1
185.44.81.148,1
185.49.106.59,1
185.73.246.68,1
185.78.119.211,1
185.80.32.228,1
185.80.32.80,1
185.83.254.56,2
185.91.127.13,5
185.91.69.110,31
185.94.203.242,1
186.14.48.222,1
186.148.179.250,1
186.156.186.32,1
186.159.1.9,1
186.159.6.114,1
186.177.85.222,1
186.179.100.5,1
186.180.77.178,1
186.193.203.36,1
186.193.243.141,1
186.208.68.110,1
186.219.252.184,23
186.22.30.245,1
186.225.149.78,1
186.225.189.162,1
186.225.35.2,1
186.233.59.20,1
186.233.80.45,4
186.235.250.2,1
186.235.86.102,1
186.249.23.69,1
186.251.228.41,1
186.251.228.5,1
186.33.101.185,1
186.33.101.31,1
186.33.113.213,1
186.33.126.64,1
186.46.168.98,1
186.47.99.138,1
186.89.10.73,2
187.108.91.137,1
187.135.190.76,1
187.149.60.219,1
187.17.201.183,4
187.192.45.140,1
187.2.156.167,4
187.33.160.164,1
187.95.162.250,1
187.95.210.4,1
188.136.169.38,1
188.143.71.189,4
188.149.22.237,1
188.161.10.226,2
188.161.10.97,5
188.161.41.220,5
188.163.102.134,1
188.166.147.225,2
188.166.152.21,1
188.166.152.28,1
188.166.156.23,1
188.166.157.191,1
188.166.174.94,2
188.166.224.57,2
188.166.233.5,2
188.166.251.96,2
188.166.26.88,1
188.166.68.252,6
188.166.71.161,10
188.166.83.222,1
188.172.228.95,5
188.191.191.74,1
188.233.12.119,1
188.235.21.132,1
188.242.31.154,1
188.250.226.14,1
188.252.114.222,1
188.43.201.109,1
188.65.232.32,1
189.101.220.105,3
189.106.247.29,4
189.120.165.60,1
189.126.64.72,1
189.127.145.139,1
189.127.145.175,1
189.127.145.216,1
189.196.45.102,1
189.251.29.161,1
189.251.30.40,1
189.32.30.134,1
189.39.179.9,1
189.50.153.252,1
190.103.55.97,1
190.104.195.210,1
190.109.103.71,1
190.112.206.43,1
190.113.121.44,1
190.113.172.57,4
190.119.85.60,1
190.133.63.176,1
190.137.37.194,2
190.142.231.89,1
190.152.144.182,1
190.181.11.32,2
190.188.38.196,4
190.189.118.109,4
190.205.37.66,1
190.211.252.2,1
190.219.237.235,1
190.230.165.160,3
190.237.11.60,1
190.4.1.150,1
190.57.135.90,1
190.61.80.118,1
190.71.35.50,1
192.140.38.87,1
192.151.153.234,9
192.155.88.231,5
192.155.90.118,17
192.155.90.220,12
192.210.173.131,1
192.241.192.21,4
192.241.192.8,1
192.241.193.34,1
192.241.193.50,1
192.241.193.55,4
192.241.194.100,3
192.241.194.108,4
192.241.194.54,16
192.241.194.9,2
192.241.195.118,12
192.241.195.28,3
192.241.195.5,12
192.241.195.64,3
192.241.195.71,4
192.241.196.108,12
192.241.196.118,3
192.241.196.119,3
192.241.196.121,3
192.241.196.33,4
192.241.196.60,4
192.241.196.96,3
192.241.197.16,3
192.241.197.26,3
192.241.197.4,3
192.241.198.85,4
192.241.199.32,1
192.241.199.96,3
192.241.200.24,4
192.241.200.48,1
192.241.200.65,3
192.241.200.74,3
192.241.201.16,3
192.241.201.4,12
192.241.201.45,4
192.241.201.85,12
192.241.202.14,3
192.241.202.24,5
192.241.202.68,3
192.241.203.18,1
192.241.203.230,1
192.241.203.232,3
192.241.203.43,3
192.241.203.52,4
192.241.204.26,12
192.241.204.39,12
192.241.205.20,3
192.241.206.10,4
192.241.206.18,4
192.241.207.42,8
192.241.207.54,1
192.241.207.57,4
192.241.207.78,1
192.241.207.88,3
192.241.207.99,3
192.241.208.114,1
192.241.208.20,7
192.241.208.60,4
192.241.208.62,4
192.241.209.154,4
192.241.209.158,12
192.241.209.4,1
192.241.209.74,4
192.241.210.38,12
192.241.211.23,3
192.241.211.57,3
192.241.212.32,4
192.241.212.44,3
192.241.213.42,3
192.241.213.67,3
192.241.214.10,1
192.241.214.13,4
192.241.214.35,4
192.241.214.4,12
192.241.215.17,2
192.241.216.10,1
192.241.216.15,4
192.241.216.19,3
192.241.216.41,12
192.241.217.10,1
192.241.217.15,4
192.241.218.14,4
192.241.218.17,4
192.241.218.19,3
192.241.218.41,3
192.241.218.42,1
192.241.218.67,3
192.241.219.29,12
192.241.219.31,12
192.241.219.35,1
192.241.219.37,3
192.241.219.38,12
192.241.219.44,1
192.241.219.51,3
192.241.219.55,3
192.241.220.13,4
192.241.220.15,4
192.241.220.21,4
192.241.220.29,4
192.241.220.39,1
192.241.221.12,2
192.241.221.22,12
192.241.221.6,4
192.241.222.24,3
192.241.222.92,4
192.241.222.99,12
192.241.223.13,4
192.241.223.43,4
192.241.223.55,4
192.241.223.57,4
192.241.223.60,1
192.241.224.15,7
192.241.224.22,3
192.241.224.37,1
192.241.224.9,12
192.241.225.17,3
192.241.225.22,1
192.241.225.73,16
192.241.226.19,12
192.241.226.31,1
192.241.226.34,4
192.241.226.54,4
192.241.226.55,3
192.241.226.6,1
192.241.227.29,3
192.241.227.49,12
192.241.227.55,15
192.241.227.57,3
192.241.227.9,1
192.241.230.19,1
192.241.230.22,1
192.241.230.40,4
192.241.230.8,7
192.241.232.30,4
192.241.232.31,3
192.241.233.35,4
192.241.234.10,6
192.241.234.12,3
192.241.234.19,1
192.241.234.45,3
192.241.234.5,12
192.241.234.9,1
192.241.236.45,12
192.241.236.68,2
192.241.236.73,1
192.241.236.76,1
192.241.236.82,12
192.241.239.32,3
192.241.239.4,4
192.241.239.40,4
192.3.251.169,3
192.53.113.76,1
192.81.216.228,2
193.0.216.158,1
193.106.192.189,1
193.118.53.194,19
193.118.53.91,6
193.141.60.71,5
193.163.116.230,1
193.169.252.220,1
193.177.182.23,2
193.198.158.184,1
193.228.134.137,1
193.30.251.188,1
193.30.251.99,1
193.32.162.189,13
193.32.162.190,58
193.35.18.102,1
193.35.18.107,17
193.35.18.119,1
193.35.18.12,4
193.35.18.187,4
193.35.18.203,6
193.35.18.221,3
193.35.18.244,3
193.35.18.27,12
193.35.18.31,1
193.35.18.33,594
193.35.18.35,1
193.35.18.38,11
193.35.18.51,7
193.35.18.53,1
193.35.18.54,7
193.35.18.76,4
193.35.18.89,5
194.0.91.184,1
194.113.236.177,1
194.140.199.218,4
194.150.175.237,1
194.163.139.8,3
194.163.183.16,16
194.169.170.35,227
194.169.175.180,1
194.190.252.20,1
194.195.114.59,1
194.195.116.114,6
194.208.107.76,1
194.28.226.68,5
194.31.220.130,1
194.50.13.110,1
194.53.114.74,1
194.55.224.149,2
194.60.236.30,1
194.61.28.131,19
194.8.146.75,1
194.87.151.139,8
194.87.151.169,5
194.87.151.56,3
195.114.7.80,1
195.133.61.211,3
195.133.61.214,3
195.135.237.165,1
195.136.157.133,1
195.140.225.108,1
195.144.21.56,9
195.154.171.87,9
195.170.172.128,22
195.170.172.225,11
195.178.120.37,1
195.181.176.130,2
195.181.83.209,1
195.181.91.224,1
195.19.127.83,1
195.20.137.129,1
195.238.123.36,1
195.24.139.150,1
195.64.252.213,1
195.66.156.179,1
195.72.146.215,1
195.95.200.81,84
195.96.137.7,161
195.96.137.8,321
195.96.137.9,152
196.2.14.184,1
196.2.14.215,1
196.2.8.42,1
196.202.194.152,1
196.216.11.157,1
196.219.111.201,1
196.32.110.168,1
197.221.255.232,1
197.231.197.11,1
197.232.43.219,1
197.245.129.215,1
197.248.41.250,1
197.5.145.115,17
197.57.232.217,1
197.59.191.29,1
197.82.219.99,1
198.101.28.95,1
198.144.159.126,212
198.199.100.17,1
198.199.100.40,4
198.199.100.67,4
198.199.100.7,12
198.199.100.86,3
198.199.101.170,3
198.199.101.22,1
198.199.101.62,3
198.199.101.72,3
198.199.102.227,3
198.199.102.69,1
198.199.102.74,3
198.199.102.76,4
198.199.102.83,3
198.199.103.75,4
198.199.104.12,3
198.199.104.59,1
198.199.104.60,1
198.199.104.72,3
198.199.104.76,3
198.199.105.190,4
198.199.105.70,3
198.199.106.102,15
198.199.106.120,3
198.199.106.161,1
198.199.106.41,4
198.199.106.89,1
198.199.107.144,1
198.199.107.20,1
198.199.108.188,6
198.199.108.29,3
198.199.108.85,3
198.199.108.86,1
198.199.109.126,1
198.199.109.142,3
198.199.109.66,1
198.199.110.18,3
198.199.111.41,4
198.199.111.51,3
198.199.111.60,4
198.199.111.87,4
198.199.112.107,3
198.199.112.51,1
198.199.113.106,1
198.199.114.181,3
198.199.114.28,4
198.199.114.60,2
198.199.115.112,1
198.199.115.119,3
198.199.115.80,1
198.199.116.105,1
198.199.116.138,1
198.199.116.5,4
198.199.117.146,12
198.199.117.57,1
198.199.117.77,3
198.199.117.83,12
198.199.118.121,1
198.199.118.127,4
198.199.118.130,12
198.199.118.95,4
198.199.118.97,4
198.199.119.101,1
198.199.119.112,3
198.199.119.35,3
198.199.119.46,12
198.199.119.64,1
198.199.119.67,4
198.199.119.8,4
198.199.119.82,3
198.199.76.233,6
198.199.92.60,1
198.199.92.67,3
198.199.93.114,1
198.199.93.22,3
198.199.93.35,4
198.199.93.43,1
198.199.93.45,3
198.199.93.53,3
198.199.93.63,4
198.199.93.66,3
198.199.93.78,1
198.199.93.97,4
198.199.94.14,1
198.199.94.33,4
198.199.94.6,18
198.199.95.29,4
198.199.95.64,4
198.199.95.66,3
198.199.95.91,1
198.199.96.21,1
198.199.96.23,3
198.199.96.42,1
198.199.96.86,3
198.199.97.24,4
198.199.98.149,5
198.235.24.100,1
198.235.24.101,7
198.235.24.102,4
198.235.24.103,7
198.235.24.105,2
198.235.24.106,3
198.235.24.107,1
198.235.24.108,2
198.235.24.109,4
198.235.24.11,1
198.235.24.110,4
198.235.24.111,6
198.235.24.112,2
198.235.24.113,1
198.235.24.114,3
198.235.24.115,13
198.235.24.116,1
198.235.24.117,3
198.235.24.118,8
198.235.24.119,4
198.235.24.12,2
198.235.24.120,3
198.235.24.121,2
198.235.24.122,7
198.235.24.123,2
198.235.24.124,3
198.235.24.125,4
198.235.24.126,4
198.235.24.127,2
198.235.24.13,7
198.235.24.131,6
198.235.24.134,1
198.235.24.136,1
198.235.24.14,2
198.235.24.144,1
198.235.24.145,2
198.235.24.149,2
198.235.24.150,1
198.235.24.152,1
198.235.24.155,1
198.235.24.156,2
198.235.24.158,6
198.235.24.159,9
198.235.24.16,1
198.235.24.161,1
198.235.24.162,6
198.235.24.163,8
198.235.24.164,1
198.235.24.165,10
198.235.24.166,1
198.235.24.167,3
198.235.24.168,8
198.235.24.169,3
198.235.24.17,7
198.235.24.170,5
198.235.24.171,7
198.235.24.174,7
198.235.24.175,7
198.235.24.176,1
198.235.24.177,2
198.235.24.181,15
198.235.24.182,12
198.235.24.183,3
198.235.24.184,7
198.235.24.185,11
198.235.24.186,7
198.235.24.192,4
198.235.24.193,4
198.235.24.194,6
198.235.24.195,2
198.235.24.196,2
198.235.24.197,2
198.235.24.198,2
198.235.24.199,3
198.235.24.2,3
198.235.24.20,1
198.235.24.200,3
198.235.24.201,4
198.235.24.202,8
198.235.24.203,2
198.235.24.204,2
198.235.24.205,6
198.235.24.206,10
198.235.24.207,6
198.235.24.208,6
198.235.24.209,3
198.235.24.21,1
198.235.24.211,12
198.235.24.212,4
198.235.24.214,8
198.235.24.215,5
198.235.24.216,2
198.235.24.217,2
198.235.24.218,15
198.235.24.219,1
198.235.24.220,5
198.235.24.221,10
198.235.24.222,8
198.235.24.224,3
198.235.24.225,13
198.235.24.226,2
198.235.24.227,2
198.235.24.228,1
198.235.24.229,2
198.235.24.230,6
198.235.24.231,15
198.235.24.232,3
198.235.24.233,1
198.235.24.234,4
198.235.24.235,10
198.235.24.236,2
198.235.24.238,7
198.235.24.239,2
198.235.24.24,1
198.235.24.240,3
198.235.24.241,2
198.235.24.242,1
198.235.24.243,13
198.235.24.244,7
198.235.24.245,4
198.235.24.246,1
198.235.24.247,3
198.235.24.249,7
198.235.24.251,4
198.235.24.252,4
198.235.24.253,2
198.235.24.254,5
198.235.24.255,2
198.235.24.27,1
198.235.24.28,1
198.235.24.29,1
198.235.24.31,2
198.235.24.33,2
198.235.24.34,1
198.235.24.35,1
198.235.24.36,4
198.235.24.37,4
198.235.24.38,4
198.235.24.39,1
198.235.24.40,1
198.235.24.41,1
198.235.24.42,1
198.235.24.43,4
198.235.24.44,1
198.235.24.45,1
198.235.24.46,5
198.235.24.47,3
198.235.24.48,2
198.235.24.49,10
198.235.24.5,1
198.235.24.50,1
198.235.24.51,9
198.235.24.52,2
198.235.24.53,2
198.235.24.55,8
198.235.24.56,1
198.235.24.57,6
198.235.24.58,2
198.235.24.59,8
198.235.24.6,1
198.235.24.60,6
198.235.24.64,3
198.235.24.65,3
198.235.24.66,1
198.235.24.67,2
198.235.24.68,2
198.235.24.69,2
198.235.24.70,7
198.235.24.71,15
198.235.24.72,3
198.235.24.73,3
198.235.24.74,1
198.235.24.75,2
198.235.24.76,4
198.235.24.77,17
198.235.24.78,4
198.235.24.79,2
198.235.24.81,4
198.235.24.82,4
198.235.24.83,3
198.235.24.84,17
198.235.24.85,6
198.235.24.86,2
198.235.24.87,13
198.235.24.88,15
198.235.24.89,3
198.235.24.90,4
198.235.24.91,2
198.235.24.92,9
198.235.24.93,3
198.235.24.94,7
198.235.24.95,1
198.235.24.96,5
198.235.24.97,4
198.235.24.98,8
198.235.24.99,3
198.244.178.67,4
198.244.201.213,1
198.58.99.63,6
198.74.56.135,13
198.74.56.46,11
198.98.50.108,29
198.98.53.107,68
198.98.57.217,25
199.114.231.178,1
199.19.74.88,6
199.195.248.153,35
199.195.249.142,243
199.195.254.170,156
199.195.254.200,23
199.247.26.190,15
199.249.230.47,7
199.254.199.10,4
199.254.199.239,6
199.254.199.242,4
199.254.199.244,8
199.254.199.247,4
2.117.57.254,2
2.135.93.1,121
2.176.215.240,1
2.176.246.32,1
2.179.135.205,1
2.179.145.95,1
2.179.151.255,1
2.181.44.208,1
2.181.45.54,1
2.182.149.236,1
2.182.151.110,2
2.183.102.45,1
2.183.108.103,1
2.183.116.31,1
2.183.119.108,1
2.183.140.245,1
2.183.201.231,1
2.183.88.62,1
2.183.89.10,1
2.184.132.69,1
2.184.139.102,2
2.187.22.210,1
2.188.232.159,1
2.189.152.136,1
2.189.217.123,1
2.189.34.126,2
2.189.92.14,1
2.227.146.124,1
2.35.0.253,3
2.37.139.100,1
2.40.63.222,1
2.45.36.18,1
2.45.7.94,4
2.57.121.123,3
2.57.122.19,23
2.57.122.73,63
2.59.58.75,3
2.86.4.180,4
2.87.254.5,4
20.101.147.57,1
20.114.203.66,45
20.117.118.137,2
20.163.25.64,3
20.188.59.129,4
200.107.18.98,1
200.109.27.128,1
200.110.54.131,1
200.110.60.146,2
200.16.125.82,1
200.35.34.146,1
200.52.144.161,1
200.53.24.3,1
200.53.24.92,1
200.53.28.170,1
200.53.31.123,1
200.58.94.59,1
200.69.65.164,1
200.71.72.169,1
200.82.191.103,1
200.82.237.165,1
200.83.99.84,4
201.131.245.5,1
201.140.212.144,1
201.140.222.28,1
201.16.236.189,1
201.182.216.90,1
201.182.236.90,1
201.208.39.8,1
201.21.141.28,2
201.211.127.185,2
201.220.148.157,1
201.233.231.116,1
201.25.153.237,1
201.253.23.96,1
201.76.104.120,1
202.107.226.4,6
202.128.92.209,5
202.148.20.138,1
202.150.90.83,1
202.166.220.109,1
202.178.117.110,1
202.213.183.81,1
202.3.72.242,1
202.4.110.130,1
202.4.116.68,1
202.51.88.176,1
202.63.71.71,1
202.79.25.16,1
202.79.29.116,1
202.91.79.22,1
203.115.68.214,1
203.189.238.140,1
203.192.193.163,1
203.205.34.207,1
203.217.115.226,1
203.218.192.129,1
203.81.67.182,1
203.99.191.63,1
203.99.98.170,1
204.76.203.4,2
205.164.122.60,1
205.185.115.70,80
205.185.116.25,3
205.185.118.120,2
205.185.121.69,7
205.185.122.167,195
205.185.122.184,5
205.185.124.4,88
205.185.127.13,17
205.185.127.200,41
205.185.127.30,3
205.206.227.80,1
205.209.103.84,4
205.210.31.100,8
205.210.31.101,4
205.210.31.102,5
205.210.31.103,7
205.210.31.104,20
205.210.31.105,2
205.210.31.107,8
205.210.31.108,2
205.210.31.110,3
205.210.31.111,5
205.210.31.12,1
205.210.31.129,7
205.210.31.13,2
205.210.31.130,1
205.210.31.132,1
205.210.31.133,1
205.210.31.134,3
205.210.31.135,1
205.210.31.136,3
205.210.31.137,1
205.210.31.138,1
205.210.31.14,3
205.210.31.140,6
205.210.31.141,1
205.210.31.143,1
205.210.31.145,3
205.210.31.146,1
205.210.31.149,6
205.210.31.15,2
205.210.31.150,6
205.210.31.151,1
205.210.31.152,7
205.210.31.153,1
205.210.31.154,3
205.210.31.155,3
205.210.31.156,7
205.210.31.16,7
205.210.31.161,2
205.210.31.162,5
205.210.31.163,2
205.210.31.164,10
205.210.31.165,3
205.210.31.167,7
205.210.31.168,6
205.210.31.169,1
205.210.31.170,3
205.210.31.171,2
205.210.31.172,7
205.210.31.173,4
205.210.31.174,1
205.210.31.175,27
205.210.31.176,10
205.210.31.177,2
205.210.31.178,1
205.210.31.18,2
205.210.31.180,5
205.210.31.181,3
205.210.31.183,9
205.210.31.184,2
205.210.31.185,2
205.210.31.186,3
205.210.31.19,7
205.210.31.192,6
205.210.31.193,3
205.210.31.194,1
205.210.31.195,3
205.210.31.196,3
205.210.31.198,4
205.210.31.199,1
205.210.31.2,8
205.210.31.200,7
205.210.31.201,9
205.210.31.202,7
205.210.31.204,4
205.210.31.205,1
205.210.31.206,1
205.210.31.207,1
205.210.31.208,1
205.210.31.209,3
205.210.31.210,9
205.210.31.212,7
205.210.31.213,2
205.210.31.214,13
205.210.31.215,7
205.210.31.216,8
205.210.31.217,1
205.210.31.218,5
205.210.31.220,2
205.210.31.221,2
205.210.31.222,1
205.210.31.223,1
205.210.31.224,5
205.210.31.225,3
205.210.31.226,6
205.210.31.227,10
205.210.31.228,8
205.210.31.229,9
205.210.31.230,4
205.210.31.231,3
205.210.31.232,8
205.210.31.233,9
205.210.31.234,8
205.210.31.235,1
205.210.31.236,1
205.210.31.237,1
205.210.31.239,16
205.210.31.24,1
205.210.31.241,2
205.210.31.242,6
205.210.31.243,8
205.210.31.244,1
205.210.31.245,3
205.210.31.246,6
205.210.31.248,9
205.210.31.249,3
205.210.31.25,1
205.210.31.250,3
205.210.31.252,1
205.210.31.253,2
205.210.31.254,1
205.210.31.255,4
205.210.31.27,2
205.210.31.28,6
205.210.31.32,3
205.210.31.33,6
205.210.31.36,2
205.210.31.38,3
205.210.31.39,11
205.210.31.40,8
205.210.31.41,5
205.210.31.42,8
205.210.31.43,7
205.210.31.44,11
205.210.31.45,1
205.210.31.46,3
205.210.31.47,5
205.210.31.49,9
205.210.31.5,1
205.210.31.50,1
205.210.31.51,3
205.210.31.52,1
205.210.31.53,13
205.210.31.54,5
205.210.31.55,1
205.210.31.56,8
205.210.31.57,1
205.210.31.58,1
205.210.31.59,14
205.210.31.60,1
205.210.31.64,2
205.210.31.65,4
205.210.31.66,14
205.210.31.67,2
205.210.31.68,8
205.210.31.69,3
205.210.31.70,10
205.210.31.71,13
205.210.31.72,2
205.210.31.73,2
205.210.31.74,6
205.210.31.75,2
205.210.31.76,3
205.210.31.77,2
205.210.31.78,1
205.210.31.79,2
205.210.31.80,10
205.210.31.82,4
205.210.31.83,2
205.210.31.84,4
205.210.31.85,8
205.210.31.86,3
205.210.31.87,12
205.210.31.88,1
205.210.31.89,3
205.210.31.90,1
205.210.31.91,7
205.210.31.93,12
205.210.31.94,2
205.210.31.95,3
205.210.31.96,8
205.210.31.97,4
205.210.31.98,4
205.210.31.99,3
206.0.166.137,1
206.0.169.181,1
206.0.225.165,1
206.0.226.42,1
206.0.229.88,2
206.0.240.46,1
206.0.240.94,1
206.0.242.29,1
206.0.242.90,1
206.0.243.74,1
206.0.244.199,1
206.0.244.70,1
206.0.247.70,1
206.0.247.9,2
206.0.250.136,1
206.0.252.172,1
206.189.107.172,2
206.189.112.141,1
206.189.112.184,2
206.189.117.121,6
206.189.120.50,10
206.189.121.26,1
206.189.124.117,1
206.189.125.204,1
206.189.147.106,6
206.189.19.14,1
206.189.29.23,1
206.189.57.162,12
206.189.79.124,2
206.248.96.252,1
206.72.202.40,1
207.154.226.0,2
207.154.255.215,15
207.180.223.28,135
207.244.224.48,1
207.244.247.200,1
207.46.13.213,1
207.46.13.216,1
207.90.244.11,10
207.90.244.12,9
207.90.244.13,3
207.90.244.14,3
207.90.244.2,1
207.90.244.3,3
207.90.244.4,3
207.90.244.6,9
208.100.26.229,8
208.100.26.230,9
208.100.26.231,16
208.88.174.38,1
209.126.10.151,3
209.131.254.132,15
209.141.32.105,46
209.141.33.65,29
209.141.34.187,19
209.141.35.128,1
209.141.36.112,7
209.141.36.231,2
209.141.41.129,30
209.141.44.114,3
209.141.48.154,6
209.141.49.169,3
209.141.51.222,1
209.141.55.120,5
209.145.57.45,9
209.160.243.50,1
209.38.226.24,1
209.38.252.58,2
209.97.137.148,2
209.97.172.12,6
209.97.179.103,10
209.97.184.179,2
209.97.190.117,1
210.108.70.119,1443
210.183.188.76,1
210.192.89.133,1
210.213.201.140,2
210.223.26.202,1
210.4.69.226,1
210.89.39.103,1
210.91.180.120,1
210.91.60.213,1
210.91.85.81,1
211.216.190.43,1
211.216.231.93,1
211.217.108.3,1
211.221.80.140,1
211.254.152.226,1
211.46.18.1,2
211.54.123.31,1
211.75.169.242,1
212.164.252.18,1
212.20.33.238,1
212.200.234.118,4
212.227.168.241,1
212.244.55.18,1
212.32.243.207,9
212.43.34.226,1
212.7.251.108,1
212.71.246.65,4
212.83.189.163,23
213.109.0.60,1
213.109.202.24,1
213.109.66.130,1
213.109.84.250,17
213.112.201.234,1
213.115.244.43,1
213.136.147.74,4
213.142.213.26,1
213.149.11.12,1
213.149.29.97,1
213.152.162.5,2
213.159.237.10,1
213.16.63.103,1
213.178.193.71,2
213.181.196.180,3
213.200.180.63,1
213.204.72.234,1
213.232.114.123,5
213.238.186.88,1
213.24.126.128,1
213.5.109.110,2
213.5.130.61,10
213.81.220.183,1
213.91.204.178,1
216.158.236.226,1
216.158.250.235,1
216.181.184.76,1
216.218.206.100,7
216.218.206.101,1
216.218.206.102,2
216.218.206.103,4
216.218.206.104,3
216.218.206.105,12
216.218.206.106,9
216.218.206.107,8
216.218.206.108,8
216.218.206.110,3
216.218.206.111,8
216.218.206.112,2
216.218.206.113,6
216.218.206.114,1
216.218.206.115,1
216.218.206.116,8
216.218.206.118,2
216.218.206.119,2
216.218.206.120,2
216.218.206.121,2
216.218.206.122,7
216.218.206.124,2
216.218.206.126,8
216.218.206.66,16
216.218.206.67,10
216.218.206.68,22
216.218.206.69,11
216.218.206.70,4
216.218.206.71,1
216.218.206.72,5
216.218.206.73,1
216.218.206.75,4
216.218.206.76,2
216.218.206.77,9
216.218.206.78,2
216.218.206.79,2
216.218.206.80,1
216.218.206.81,2
216.218.206.82,1
216.218.206.83,7
216.218.206.84,4
216.218.206.85,1
216.218.206.86,1
216.218.206.87,1
216.218.206.88,2
216.218.206.89,5
216.218.206.90,6
216.218.206.91,1
216.218.206.92,2
216.218.206.93,2
216.218.206.94,2
216.218.206.95,5
216.218.206.96,5
216.218.206.97,7
216.218.206.98,16
216.218.206.99,5
217.146.83.102,10
217.208.137.212,2
217.218.252.121,1
217.219.131.226,1
217.23.8.46,7
217.24.145.77,1
217.24.146.249,1
217.66.31.187,1
218.102.200.230,1
218.147.113.57,1
218.154.220.35,1
218.164.182.182,1
218.86.123.43,1
219.143.174.191,1
220.116.155.184,2
220.122.185.239,1
220.124.154.72,1
220.124.88.149,1
220.132.164.121,1
220.146.90.58,3
220.148.183.67,2
220.173.209.130,1
220.198.241.179,1
220.198.241.37,1
220.198.241.93,1
220.246.124.106,7
220.250.10.140,1
220.70.253.159,1
220.74.117.53,1
220.84.204.83,1
220.89.129.147,1
221.1.245.93,1
221.124.116.143,1
221.124.6.127,1
221.14.107.165,1
221.15.189.217,1
221.150.217.64,1
221.219.96.212,1
221.236.26.51,3
222.124.108.169,1
222.134.162.83,1
222.138.122.29,1
222.186.48.201,1
222.186.48.204,3
223.13.26.190,1
223.130.28.204,1
223.130.30.56,1
223.15.55.228,1
223.150.227.107,1
223.16.154.8,2
223.16.173.186,2
223.166.22.28,1
223.17.180.13,1
223.17.41.62,1
223.19.103.72,1
223.19.181.246,1
223.204.67.207,1
223.74.158.12,1
223.83.130.192,1
23.148.145.28,3
23.20.75.163,2
23.248.184.241,25
23.251.102.74,8
23.90.160.138,1
23.90.160.146,6
23.90.250.178,2
24.117.76.144,1
24.139.121.202,1
24.153.59.247,2
24.184.145.245,2
24.196.181.57,3
24.199.121.176,5
24.199.98.33,7
24.232.111.75,4
24.63.56.220,6
24.68.100.198,2
24.71.73.15,1
24.88.98.70,4
27.109.150.172,1
27.147.201.243,1
27.147.225.2,1
27.2.70.49,2
27.2.90.26,1
27.215.211.134,1
27.215.83.86,1
27.254.113.34,1
27.34.64.80,1
27.40.117.186,1
27.43.205.20,1
27.43.206.139,1
27.43.207.148,1
27.45.107.72,1
27.45.92.192,1
27.47.0.103,1
27.47.0.214,1
27.98.228.213,1
3.101.148.135,1
3.101.19.149,1
3.227.42.0,59
3.80.179.152,1
3.80.58.101,10
3.81.224.230,2
3.81.85.159,1
3.83.133.193,10
3.84.226.123,1
3.90.235.126,10
3.91.59.51,1
3.92.126.145,1
3.92.127.248,1
31.128.218.26,1
31.129.165.158,1
31.132.71.49,1
31.134.244.155,1
31.156.101.55,4
31.163.1.180,1
31.173.35.57,1
31.182.249.228,1
31.184.240.70,3
31.184.240.91,6
31.188.150.250,182
31.188.235.203,1
31.207.220.70,1
31.24.203.45,1
31.41.244.111,9
31.56.1.130,1
31.56.40.172,1
31.57.50.155,1
31.58.226.103,1
31.58.226.97,1
31.58.238.141,1
31.58.240.112,1
31.58.243.46,1
31.59.206.21,1
31.59.25.184,1
34.140.130.61,1
34.140.248.32,3
34.159.87.134,1
34.16.162.222,1
34.201.38.78,1
34.228.187.34,2
34.229.83.103,3
34.67.136.168,16
34.68.223.108,16
34.76.158.233,2
34.77.127.183,1
34.78.120.99,3
34.78.249.41,1
34.79.162.186,4
35.153.161.193,10
35.153.209.191,1
35.163.96.191,1
35.173.221.33,1
35.195.93.98,4
35.203.210.113,1
35.203.210.116,2
35.203.210.13,3
35.203.210.134,1
35.203.210.142,1
35.203.210.16,1
35.203.210.184,1
35.203.210.195,2
35.203.210.200,2
35.203.210.203,1
35.203.210.210,1
35.203.210.218,2
35.203.210.220,2
35.203.210.231,1
35.203.210.60,1
35.203.210.79,3
35.203.210.94,1
35.203.211.128,1
35.203.211.136,2
35.203.211.15,1
35.203.211.178,1
35.203.211.20,1
35.203.211.212,1
35.203.211.214,1
35.203.211.230,1
35.203.211.248,1
35.203.211.250,1
35.203.211.55,2
35.203.211.60,1
35.203.211.75,1
35.203.211.87,2
35.205.96.143,3
35.216.136.183,18
35.216.140.224,11
35.216.146.250,37
35.216.150.232,2
35.216.164.232,18
35.216.174.190,4
35.216.211.228,27
35.216.225.215,3
35.216.225.253,1
35.216.235.60,2
35.216.237.60,18
35.216.240.53,29
35.233.62.116,2
35.240.121.17,2
35.80.18.36,1
35.86.214.152,2
35.87.70.35,1
35.88.107.176,2
35.90.32.211,1
36.106.167.185,1
36.136.51.134,1
36.153.150.34,1
36.156.22.2,4
36.225.120.189,1
36.233.44.242,1
36.237.20.249,1
36.32.2.128,1
36.32.2.202,1
36.37.169.200,1
36.37.214.78,1
36.39.142.144,1
36.5.68.60,1
36.66.168.49,1
36.67.150.145,1
36.67.150.31,1
36.67.66.178,1
36.68.218.146,1
36.68.53.151,1
36.73.171.56,1
36.73.34.194,1
36.74.41.22,1
36.76.189.75,1
36.76.220.31,1
36.78.152.189,1
36.78.184.217,1
36.79.111.23,1
36.88.240.26,1
36.88.6.113,1
36.89.21.251,1
36.90.54.195,1
36.90.91.35,1
36.93.138.74,1
36.99.136.128,8
36.99.136.129,8
36.99.136.136,6
36.99.136.137,7
37.1.142.113,1
37.1.17.46,1
37.139.129.4,2
37.143.224.173,1
37.143.229.190,1
37.16.75.169,10
37.187.215.241,1
37.187.215.242,1
37.187.215.246,1
37.187.215.248,2
37.187.215.253,2
37.187.215.254,2
37.187.215.255,1
37.191.54.50,4
37.191.69.199,1
37.191.85.55,1
37.195.203.138,1
37.204.151.252,2
37.205.76.12,61
37.205.91.236,1
37.235.138.6,1
37.235.142.238,1
37.32.118.251,1
37.41.142.69,9
37.44.238.206,1
37.54.15.36,1
37.6.78.40,1
37.70.128.64,1
37.75.218.105,1
37.75.222.203,1
37.76.195.57,2
37.8.98.138,2
38.171.255.71,1
38.25.179.237,1
38.45.217.2,2
39.103.194.15,45
39.106.137.182,1
39.174.196.203,3
39.33.22.109,1
39.59.117.122,1
39.63.2.245,1
40.94.96.20,1
41.139.249.227,1
41.142.110.130,2
41.186.73.134,32
41.190.70.194,1
41.200.119.198,1
41.207.251.187,1
41.235.134.172,1
41.33.50.90,2
41.36.111.37,1
41.59.55.200,1
41.60.235.207,1
41.60.235.74,1
41.63.178.216,1
41.74.116.9,1
41.78.174.77,1
41.84.135.142,1
41.84.196.217,1
41.90.64.229,1
41.90.68.4,1
41.90.70.233,1
42.159.185.100,1
42.2.203.238,1
42.2.225.172,6
42.224.122.166,1
42.230.141.204,1
42.235.185.96,1
42.48.79.92,1
42.98.39.70,1
43.129.33.99,1
43.129.35.207,1
43.129.41.203,3
43.129.97.125,2
43.130.10.173,1
43.130.11.228,2
43.131.23.30,1
43.131.242.173,1
43.131.247.244,1
43.131.43.27,2
43.131.52.47,2
43.132.191.235,2
43.133.5.165,2
43.134.224.218,40
43.156.205.162,45
43.157.20.143,2
43.157.5.232,2
43.157.50.168,1
43.157.54.73,2
43.158.214.10,3
43.158.216.231,3
43.158.217.16,63
43.158.217.205,112
43.224.169.238,1
43.230.159.244,1
43.230.159.28,1
43.230.194.12,1
43.231.234.154,3
43.252.9.180,1
43.254.126.108,1
43.255.218.14,1
44.201.171.167,1
44.201.240.110,1
44.234.121.70,1
44.234.84.139,1
45.115.255.89,1
45.116.68.11,1
45.126.20.22,1
45.128.199.230,1
45.128.199.252,1
45.128.232.103,2
45.128.232.105,49
45.128.232.111,49
45.128.232.125,577
45.128.232.128,3
45.128.232.135,3
45.128.232.139,6
45.128.232.14,44
45.128.232.140,593
45.128.232.141,37
45.128.232.145,8
45.128.232.152,100
45.128.232.153,10
45.128.232.174,4
45.128.232.175,12
45.128.232.177,1
45.128.232.183,166
45.128.232.186,5
45.128.232.67,7
45.128.232.77,2
45.128.232.84,37
45.129.137.3,1
45.131.111.247,1
45.132.48.135,1
45.135.232.17,1
45.135.232.6,1
45.136.153.217,19
45.143.201.62,25
45.15.19.146,2
45.151.181.176,14
45.155.126.210,16
45.155.204.56,3
45.155.91.80,10
45.156.128.12,33
45.156.128.2,6
45.156.128.22,6
45.156.128.27,6
45.156.128.7,37
45.156.129.12,19
45.156.129.17,2
45.156.129.2,50
45.156.129.27,4
45.156.129.7,48
45.163.221.55,4
45.164.198.137,1
45.164.198.143,1
45.164.35.9,1
45.170.223.150,1
45.172.65.131,1
45.173.108.78,1
45.174.141.65,3
45.175.250.43,1
45.176.221.226,1
45.180.237.219,1
45.181.90.131,1
45.182.139.11,1
45.182.158.32,1
45.182.158.98,1
45.184.16.134,2
45.187.113.5,1
45.189.28.97,1
45.231.241.4,1
45.233.244.125,1
45.235.155.164,1
45.248.8.155,8
45.249.244.162,2
45.249.245.139,1
45.249.245.249,1
45.33.80.243,15
45.33.87.154,11
45.37.170.163,1
45.43.33.218,5
45.5.37.81,1
45.5.94.250,1
45.55.0.36,4
45.55.0.5,12
45.55.0.8,3
45.55.40.149,2
45.56.80.181,2
45.6.16.64,1
45.61.185.119,5
45.61.185.123,8
45.61.185.140,10
45.61.186.177,10
45.61.186.239,23
45.61.188.146,31
45.61.188.163,4
45.64.8.187,1
45.7.25.69,1
45.70.196.23,1
45.79.128.205,21
45.79.147.234,1
45.79.163.53,6
45.79.168.172,10
45.79.172.21,20
45.79.181.104,17
45.79.181.179,16
45.79.181.223,18
45.79.181.251,8
45.79.181.94,17
45.81.34.174,17
45.83.23.218,12
45.83.25.42,2
45.83.64.167,1
45.83.64.192,1
45.83.64.204,1
45.83.64.26,6
45.83.64.3,1
45.83.64.51,1
45.83.64.72,1
45.83.65.113,1
45.83.65.167,1
45.83.65.196,1
45.83.65.197,2
45.83.65.3,2
45.83.65.7,6
45.83.66.102,1
45.83.66.158,1
45.83.67.138,1
45.83.67.181,1
45.88.90.100,4
45.88.90.11,4
45.88.90.114,8
45.88.90.120,5
45.88.90.137,3
45.88.90.144,2
45.88.90.15,4
45.88.90.23,8
45.88.90.24,8
45.95.146.36,4
45.95.146.41,4
45.95.146.48,4
46.100.166.58,1
46.100.71.7,1
46.101.1.126,1
46.101.226.203,2
46.101.3.129,1
46.101.81.54,3
46.101.85.246,1
46.11.36.33,4
46.12.55.86,1
46.12.8.238,1
46.148.45.11,1
46.173.75.89,1
46.174.191.28,80
46.174.191.29,83
46.174.191.30,89
46.174.191.31,54
46.174.191.32,76
46.19.138.210,9
46.241.126.27,1
46.242.15.247,1
46.3.113.223,2
46.3.113.238,10
46.32.5.164,1
46.33.229.33,4
46.34.190.95,1
46.43.78.4,18
46.49.48.221,1
46.55.250.54,2
46.63.13.26,1
46.98.151.232,1
46.98.206.15,1
47.100.201.178,1
47.14.12.129,2
47.180.189.177,1
47.251.20.38,13
47.95.157.250,1
47.96.132.215,3
47.98.201.156,32
47.99.139.50,16
47.99.53.8,3
49.115.72.145,1
49.124.206.2,1
49.249.178.202,1
49.72.7.247,2
5.101.67.10,5
5.104.80.129,2
5.128.209.222,1
5.152.238.1,1
5.160.172.185,1
5.165.160.4,1
5.172.18.61,1
5.180.182.233,1
5.188.206.213,2
5.188.210.227,47
5.189.132.78,27
5.190.22.188,1
5.190.80.120,1
5.196.102.64,1
5.196.102.65,1
5.196.102.66,1
5.196.102.67,2
5.196.102.69,1
5.196.102.70,1
5.196.102.71,1
5.196.102.73,3
5.196.102.74,1
5.196.102.75,1
5.196.102.76,1
5.196.102.77,1
5.196.102.78,2
5.202.33.8,1
5.202.68.172,1
5.235.188.25,1
5.235.196.255,3
5.235.205.104,1
5.235.215.190,1
5.235.220.111,1
5.235.231.232,1
5.235.243.96,2
5.236.209.243,1
5.239.176.121,1
5.239.179.1,1
5.248.97.85,1
5.254.18.236,2
5.254.18.240,3
5.32.176.111,1
5.32.176.120,1
5.43.201.199,5
5.43.213.54,6
5.55.74.12,1
5.58.122.98,1
5.58.94.177,1
5.59.222.42,1
5.62.164.121,1
5.75.251.151,1
5.91.98.130,413
5.94.197.47,1
5.96.92.26,3
50.31.21.5,17
50.31.21.6,8
50.31.21.7,8
50.31.21.8,8
50.46.231.118,1
50.7.85.42,13
51.15.252.227,2
51.15.39.67,4
51.158.202.119,4
51.68.76.141,1
51.75.146.189,1
51.79.19.53,3
52.167.144.179,6
52.167.144.59,2
52.167.144.79,2
52.207.223.133,10
52.53.159.234,1
52.53.194.68,2
52.71.126.220,10
54.145.248.67,1
54.151.123.197,2
54.153.64.56,1
54.157.232.87,10
54.160.68.182,7
54.167.126.89,2
54.167.17.64,2
54.172.186.196,1
54.193.207.93,1
54.196.138.173,10
54.197.3.36,12
54.201.96.174,1
54.219.76.138,3
54.221.140.120,5
54.221.83.207,10
54.234.232.198,10
54.241.57.187,1
54.242.112.138,1
54.242.137.122,2
54.242.172.111,5
54.242.240.216,10
54.242.67.11,1
54.89.163.1,2
54.90.68.128,1
58.144.148.20,1
58.153.172.215,1
58.187.9.230,3
58.19.45.60,1
58.19.50.7,1
58.20.254.131,4
58.252.232.195,1
59.0.77.58,1
59.110.221.146,2
59.125.64.23,1
59.13.194.183,1
59.152.161.197,1
59.152.161.202,1
59.152.161.228,1
59.152.190.22,1
59.173.180.228,1
59.178.1.225,1
59.178.1.247,1
59.178.112.241,1
59.178.12.72,1
59.178.149.38,1
59.178.15.6,1
59.178.178.134,1
59.178.38.118,1
59.178.5.237,1
59.178.60.234,1
59.178.67.230,1
59.182.0.162,2
59.182.1.249,1
59.182.14.6,1
59.182.157.144,1
59.182.27.255,1
59.182.44.159,1
59.182.53.106,2
59.182.9.221,2
59.19.33.204,1
59.24.186.249,106
59.45.143.3,1
59.52.177.133,1
59.55.124.106,1
59.88.228.18,2
59.89.120.23,1
59.89.127.185,1
59.89.161.118,1
59.89.165.48,1
59.89.174.85,2
59.89.228.70,2
59.91.162.43,3
59.91.164.106,5
59.91.169.166,1
59.91.173.179,1
59.91.174.90,1
59.91.175.198,1
59.92.160.25,1
59.93.23.123,1
59.93.31.55,1
59.95.150.145,1
59.95.214.8,1
59.98.171.18,1
59.98.171.50,1
59.98.184.9,1
59.98.188.107,1
59.98.189.67,1
60.13.138.12,1
60.13.138.179,1
60.13.138.62,1
60.13.6.155,1
60.17.111.152,1
60.17.124.102,1
60.177.178.63,1
60.191.125.35,8
60.191.20.213,12
60.243.50.78,2
60.249.77.27,4
61.0.138.214,1
61.0.217.84,1
61.0.8.65,1
61.0.88.229,1
61.0.99.9,1
61.1.227.216,1
61.145.177.7,1
61.145.208.214,1
61.152.197.137,1
61.152.197.138,1
61.220.94.195,2
61.52.172.156,8
61.52.61.160,1
61.53.204.205,1
61.7.141.135,1
61.7.165.240,1
61.77.39.173,9
61.84.169.90,2
62.122.184.123,3
62.122.184.202,1
62.122.184.32,3
62.122.184.33,2
62.16.15.110,1
62.16.22.103,2
62.204.40.67,2
62.210.70.119,1
62.211.26.75,4
62.233.50.179,8
62.240.28.121,1
62.244.26.174,1
62.249.140.222,1
62.33.114.115,1
62.33.114.219,1
62.57.44.108,3
62.69.252.89,1
62.76.142.15,6
62.76.142.22,10
63.250.56.94,3
63.88.73.10,1
64.112.72.102,4
64.112.74.150,1
64.225.103.234,3
64.225.40.101,2
64.225.54.140,6
64.225.6.171,2
64.225.72.56,1
64.226.103.167,1
64.226.127.60,9
64.227.107.188,17
64.227.117.19,7
64.227.146.163,6
64.227.146.243,12
64.227.168.191,2
64.227.182.224,2
64.227.35.241,1
64.227.37.132,2
64.227.41.39,10
64.227.48.124,7
64.227.74.166,2
64.227.90.185,10
64.62.197.10,4
64.62.197.100,2
64.62.197.101,1
64.62.197.102,6
64.62.197.103,5
64.62.197.104,4
64.62.197.105,3
64.62.197.106,3
64.62.197.107,8
64.62.197.108,3
64.62.197.109,3
64.62.197.11,3
64.62.197.110,2
64.62.197.111,11
64.62.197.112,6
64.62.197.113,1
64.62.197.114,1
64.62.197.115,10
64.62.197.118,4
64.62.197.119,2
64.62.197.12,1
64.62.197.120,1
64.62.197.122,5
64.62.197.123,1
64.62.197.124,2
64.62.197.125,2
64.62.197.126,4
64.62.197.127,4
64.62.197.128,3
64.62.197.129,3
64.62.197.13,3
64.62.197.130,3
64.62.197.131,5
64.62.197.132,3
64.62.197.134,3
64.62.197.135,4
64.62.197.137,6
64.62.197.138,1
64.62.197.139,3
64.62.197.14,2
64.62.197.140,5
64.62.197.141,2
64.62.197.142,12
64.62.197.143,8
64.62.197.144,2
64.62.197.145,5
64.62.197.146,6
64.62.197.147,3
64.62.197.148,2
64.62.197.149,5
64.62.197.15,4
64.62.197.150,4
64.62.197.151,3
64.62.197.152,14
64.62.197.153,2
64.62.197.154,4
64.62.197.155,1
64.62.197.156,7
64.62.197.157,9
64.62.197.158,3
64.62.197.159,4
64.62.197.16,8
64.62.197.160,2
64.62.197.161,1
64.62.197.162,4
64.62.197.163,11
64.62.197.164,2
64.62.197.165,5
64.62.197.166,3
64.62.197.167,7
64.62.197.169,1
64.62.197.17,4
64.62.197.170,9
64.62.197.171,1
64.62.197.172,1
64.62.197.174,7
64.62.197.175,3
64.62.197.176,4
64.62.197.177,2
64.62.197.178,2
64.62.197.179,4
64.62.197.18,7
64.62.197.180,3
64.62.197.181,4
64.62.197.182,6
64.62.197.183,8
64.62.197.184,2
64.62.197.185,3
64.62.197.186,6
64.62.197.187,2
64.62.197.188,3
64.62.197.189,3
64.62.197.19,4
64.62.197.190,8
64.62.197.192,3
64.62.197.193,13
64.62.197.194,8
64.62.197.195,5
64.62.197.196,2
64.62.197.197,6
64.62.197.199,11
64.62.197.2,5
64.62.197.20,5
64.62.197.200,1
64.62.197.201,3
64.62.197.202,3
64.62.197.203,2
64.62.197.204,8
64.62.197.205,2
64.62.197.206,1
64.62.197.207,7
64.62.197.208,1
64.62.197.210,2
64.62.197.211,6
64.62.197.212,4
64.62.197.213,9
64.62.197.214,1
64.62.197.215,1
64.62.197.216,3
64.62.197.217,5
64.62.197.218,3
64.62.197.219,2
64.62.197.22,2
64.62.197.220,2
64.62.197.221,2
64.62.197.222,4
64.62.197.223,2
64.62.197.224,1
64.62.197.226,3
64.62.197.227,8
64.62.197.228,6
64.62.197.229,1
64.62.197.23,1
64.62.197.230,2
64.62.197.231,6
64.62.197.232,5
64.62.197.234,8
64.62.197.235,1
64.62.197.236,2
64.62.197.237,7
64.62.197.238,2
64.62.197.239,7
64.62.197.24,10
64.62.197.240,3
64.62.197.241,8
64.62.197.25,1
64.62.197.26,1
64.62.197.27,2
64.62.197.28,2
64.62.197.29,3
64.62.197.3,5
64.62.197.30,1
64.62.197.31,5
64.62.197.32,7
64.62.197.33,8
64.62.197.34,3
64.62.197.35,6
64.62.197.36,1
64.62.197.37,3
64.62.197.38,10
64.62.197.39,4
64.62.197.4,4
64.62.197.40,1
64.62.197.41,4
64.62.197.42,3
64.62.197.44,10
64.62.197.45,4
64.62.197.46,2
64.62.197.47,18
64.62.197.48,3
64.62.197.49,4
64.62.197.5,6
64.62.197.50,1
64.62.197.51,3
64.62.197.52,6
64.62.197.53,5
64.62.197.54,2
64.62.197.55,1
64.62.197.56,3
64.62.197.57,3
64.62.197.58,12
64.62.197.59,2
64.62.197.6,3
64.62.197.60,6
64.62.197.61,1
64.62.197.62,17
64.62.197.63,1
64.62.197.64,3
64.62.197.65,2
64.62.197.66,2
64.62.197.67,2
64.62.197.68,8
64.62.197.69,1
64.62.197.7,1
64.62.197.70,2
64.62.197.71,12
64.62.197.72,5
64.62.197.73,2
64.62.197.74,2
64.62.197.75,2
64.62.197.76,10
64.62.197.77,13
64.62.197.78,7
64.62.197.79,5
64.62.197.8,3
64.62.197.80,2
64.62.197.81,2
64.62.197.82,2
64.62.197.83,3
64.62.197.84,2
64.62.197.85,1
64.62.197.86,2
64.62.197.87,7
64.62.197.88,1
64.62.197.89,4
64.62.197.9,4
64.62.197.90,2
64.62.197.91,1
64.62.197.92,13
64.62.197.93,4
64.62.197.94,2
64.62.197.96,2
64.62.197.97,3
64.62.197.98,3
64.62.197.99,4
64.67.49.47,1
65.1.207.78,4
65.20.161.148,1
65.242.201.202,2
65.49.1.10,17
65.49.1.101,1
65.49.1.102,1
65.49.1.104,2
65.49.1.107,2
65.49.1.108,2
65.49.1.109,7
65.49.1.11,4
65.49.1.111,2
65.49.1.112,1
65.49.1.114,2
65.49.1.115,2
65.49.1.116,1
65.49.1.117,1
65.49.1.119,1
65.49.1.12,2
65.49.1.120,2
65.49.1.13,2
65.49.1.15,4
65.49.1.17,5
65.49.1.18,2
65.49.1.19,5
65.49.1.20,5
65.49.1.21,2
65.49.1.22,5
65.49.1.23,2
65.49.1.24,7
65.49.1.25,7
65.49.1.26,1
65.49.1.28,3
65.49.1.29,3
65.49.1.30,3
65.49.1.31,1
65.49.1.32,1
65.49.1.33,1
65.49.1.34,1
65.49.1.36,8
65.49.1.37,9
65.49.1.38,7
65.49.1.39,2
65.49.1.41,3
65.49.1.42,6
65.49.1.43,9
65.49.1.44,6
65.49.1.45,3
65.49.1.46,1
65.49.1.47,1
65.49.1.48,2
65.49.1.49,5
65.49.1.50,3
65.49.1.51,5
65.49.1.54,3
65.49.1.55,1
65.49.1.56,3
65.49.1.59,1
65.49.1.60,3
65.49.1.61,7
65.49.1.63,1
65.49.1.64,1
65.49.1.65,1
65.49.1.66,7
65.49.1.68,2
65.49.1.69,3
65.49.1.70,2
65.49.1.72,1
65.49.1.73,5
65.49.1.74,2
65.49.1.75,6
65.49.1.77,3
65.49.1.78,2
65.49.1.79,1
65.49.1.80,13
65.49.1.81,4
65.49.1.82,1
65.49.1.83,4
65.49.1.84,1
65.49.1.85,6
65.49.1.87,7
65.49.1.88,5
65.49.1.89,6
65.49.1.90,4
65.49.1.91,2
65.49.1.92,4
65.49.1.93,6
65.49.1.94,3
65.49.1.95,7
65.49.1.97,7
65.49.1.98,3
65.49.1.99,1
65.49.20.100,2
65.49.20.101,11
65.49.20.103,4
65.49.20.104,5
65.49.20.106,6
65.49.20.107,3
65.49.20.108,3
65.49.20.109,2
65.49.20.110,1
65.49.20.111,2
65.49.20.113,11
65.49.20.115,3
65.49.20.116,8
65.49.20.117,4
65.49.20.119,7
65.49.20.120,3
65.49.20.122,6
65.49.20.123,4
65.49.20.124,9
65.49.20.125,3
65.49.20.66,3
65.49.20.67,16
65.49.20.68,17
65.49.20.69,15
65.49.20.70,3
65.49.20.72,9
65.49.20.73,4
65.49.20.75,2
65.49.20.76,5
65.49.20.77,3
65.49.20.79,4
65.49.20.80,2
65.49.20.81,2
65.49.20.82,1
65.49.20.83,5
65.49.20.84,2
65.49.20.86,6
65.49.20.87,8
65.49.20.88,4
65.49.20.89,1
65.49.20.91,6
65.49.20.92,3
65.49.20.95,3
65.49.20.96,8
65.49.20.97,9
65.49.20.99,2
66.175.213.4,15
66.18.162.62,1
66.208.238.137,1
66.225.163.117,2
66.23.226.102,8
66.240.192.138,15
66.240.219.133,29
66.240.219.173,11
66.240.236.119,13
66.244.74.69,18
66.44.159.33,1
66.45.244.250,6
66.79.110.138,1
66.94.108.120,13
66.96.242.186,1
67.169.164.213,1
67.169.72.106,1
67.230.241.54,2
67.40.82.246,2
68.129.196.196,3
68.178.166.83,1
68.183.107.250,3
68.183.124.108,2
68.183.190.223,2
68.183.46.44,1
68.183.67.131,1
68.235.62.219,10
68.69.184.62,39
68.69.184.66,14
69.164.216.170,2
69.164.217.245,9
69.164.217.74,8
69.165.38.214,1
69.25.112.148,1
69.30.197.138,6
70.15.212.181,5
70.18.47.238,2
70.61.40.218,1
70.62.12.226,1
71.172.10.123,1
71.245.242.138,2
71.40.24.154,2
71.6.135.131,12
71.6.146.186,6
71.6.158.166,8
71.6.165.200,2
71.6.167.124,8
71.6.167.142,9
71.6.199.23,9
71.6.232.20,4
71.6.232.22,9
71.6.232.23,1
71.6.232.24,6
71.6.232.25,7
71.6.232.26,3
71.6.232.27,5
71.6.232.28,8
71.9.76.10,2
72.177.237.209,1
72.20.194.108,1
72.252.24.162,1
72.84.224.136,1
73.202.14.134,2
73.57.10.254,2
73.8.234.201,3
74.105.98.126,1
74.116.56.221,3
74.116.56.244,1
74.116.57.92,1
74.199.243.162,32
74.219.36.118,1
74.82.47.10,3
74.82.47.11,1
74.82.47.12,2
74.82.47.13,1
74.82.47.14,1
74.82.47.15,2
74.82.47.17,2
74.82.47.18,4
74.82.47.2,10
74.82.47.20,2
74.82.47.21,6
74.82.47.22,3
74.82.47.23,1
74.82.47.24,1
74.82.47.26,3
74.82.47.27,1
74.82.47.28,3
74.82.47.29,12
74.82.47.3,20
74.82.47.30,8
74.82.47.31,4
74.82.47.32,2
74.82.47.33,3
74.82.47.34,1
74.82.47.35,1
74.82.47.36,7
74.82.47.39,2
74.82.47.4,16
74.82.47.40,4
74.82.47.41,2
74.82.47.42,3
74.82.47.43,3
74.82.47.44,3
74.82.47.45,18
74.82.47.47,7
74.82.47.48,1
74.82.47.49,6
74.82.47.5,16
74.82.47.50,1
74.82.47.52,3
74.82.47.53,7
74.82.47.54,2
74.82.47.55,1
74.82.47.56,2
74.82.47.57,2
74.82.47.58,2
74.82.47.59,2
74.82.47.60,10
74.82.47.61,1
74.82.47.62,1
74.82.47.8,3
74.82.47.9,6
74.93.216.105,1
75.109.200.95,1
75.99.75.2,1
76.126.210.7,1
76.184.170.108,2
76.185.20.203,1
77.105.185.175,4
77.105.51.248,1
77.122.246.235,1
77.159.94.127,1
77.234.248.55,1
77.237.168.187,1
77.237.169.93,1
77.237.170.108,1
77.238.135.100,1
77.239.159.199,1
77.239.213.0,1
77.244.64.46,1
77.246.253.118,1
77.247.17.153,1
77.28.173.81,1
77.65.45.38,1
77.69.104.40,1
77.70.95.84,1
77.76.143.194,1
77.78.201.59,1
77.79.170.76,1
77.91.124.184,1
78.108.177.50,76
78.108.177.51,90
78.108.177.52,92
78.108.177.54,129
78.108.246.92,1
78.11.1.189,1
78.134.26.136,4
78.140.32.219,1
78.142.229.167,3
78.142.232.77,1
78.147.29.251,2
78.153.139.12,2
78.156.124.20,1
78.186.121.234,1
78.187.15.62,1
78.187.220.44,4
78.187.27.74,4
78.196.216.46,4
78.29.12.220,1
78.29.14.230,1
78.30.245.243,1
78.38.162.225,1
78.84.101.41,1
79.100.50.225,1
79.100.93.128,1
79.103.27.51,5
79.11.175.215,1
79.117.158.229,1
79.119.106.113,4
79.124.56.254,1
79.124.56.98,4
79.132.202.41,1
79.134.66.239,1
79.135.196.142,1
79.137.196.27,3
79.137.65.46,9
79.140.156.213,1
79.141.120.222,1
79.145.7.46,4
79.166.110.247,1
79.17.92.115,1
79.170.24.209,1
79.188.122.219,1
79.20.171.126,2
79.20.42.24,4
79.24.63.83,103
79.26.5.32,4
79.32.26.33,3
79.36.25.186,2
79.40.119.69,131
79.42.135.40,4
79.43.125.48,1
79.46.173.94,4
79.54.96.109,4
79.55.108.124,1
79.9.120.141,1606
8.130.87.187,1
8.140.21.58,2
8.140.30.122,2
8.209.252.106,6
8.210.183.67,1
8.217.10.248,3
8.218.195.186,45
8.219.101.85,12
8.219.159.11,1
8.219.192.252,4
8.222.140.12,1
80.191.165.28,1
80.191.184.106,1
80.242.98.235,1
80.254.125.26,1
80.41.238.203,1
80.47.222.62,1
80.64.82.44,1
80.66.66.146,2
80.66.76.193,1
80.66.76.24,5
80.66.77.238,14
80.66.83.115,1
80.66.83.62,3
80.73.90.98,1
80.76.51.60,11
80.76.51.94,24
80.78.128.120,1
80.79.6.126,2
80.87.206.190,6
80.91.163.139,1
80.91.23.81,1
80.94.92.15,3
80.94.92.31,9
81.145.241.226,2
81.163.34.204,1
81.163.43.36,1
81.170.233.70,1
81.183.223.105,2
81.198.144.14,2
81.198.64.59,1
81.219.76.194,1
81.227.75.178,1
81.26.142.75,1
81.4.162.86,1
81.6.17.70,2
81.61.152.218,4
81.91.235.3,1
82.117.197.102,1
82.132.217.76,19
82.138.8.213,8
82.147.85.205,1
82.204.182.222,1
82.208.139.9,2
82.209.232.9,36
82.55.116.87,7
82.64.0.96,7
82.64.234.109,4
82.66.76.71,3
82.81.63.163,1
82.84.3.221,4
83.0.94.63,3
83.1.243.138,1
83.136.166.130,4
83.19.224.190,1
83.211.159.94,1
83.216.109.54,1
83.242.233.52,1
83.243.166.195,1
83.253.42.187,1
83.55.197.247,1
83.58.139.38,1
83.63.151.189,1
84.0.180.140,3
84.2.173.241,4
84.232.112.41,1
84.241.44.106,1
84.241.45.61,1
84.30.53.251,4
84.33.109.231,4
84.53.229.90,1
84.54.184.6,1
84.54.50.61,1
84.54.51.105,1
84.54.51.120,1
84.54.51.142,167
84.54.51.162,2
84.54.51.166,4
84.54.51.167,27
84.54.51.169,3
84.54.51.174,4
84.54.51.175,5
84.54.51.183,26
84.54.51.2,1
84.54.51.223,4
84.54.51.254,179
84.54.51.27,200
84.54.51.50,5
84.54.51.76,4
84.54.51.92,9
85.105.116.226,4
85.105.211.179,4
85.128.56.34,1
85.15.188.196,1
85.152.96.79,4
85.174.200.16,1
85.18.0.136,13
85.18.106.214,1
85.18.30.133,10
85.18.87.101,15
85.187.237.98,1
85.204.116.80,2
85.204.209.62,1
85.204.210.172,1
85.204.220.237,1
85.204.85.147,1
85.204.87.176,1
85.204.91.18,1
85.208.139.145,13
85.208.139.172,7
85.208.214.85,13
85.209.40.29,2
85.209.40.35,2
85.209.40.37,1
85.209.40.47,1
85.209.40.48,1
85.209.40.53,1
85.227.85.29,38
85.234.189.73,1
85.236.187.20,1
85.238.101.69,1
85.239.244.200,13
85.239.33.10,2
85.239.34.105,4
85.62.28.71,1
85.75.163.34,1
86.139.252.18,2
86.58.116.43,1
86.63.108.167,1
86.63.78.214,1
87.0.200.71,1
87.0.251.36,14
87.107.66.1,1
87.107.68.183,1
87.11.4.150,1
87.120.179.194,1
87.120.225.209,1
87.120.88.151,3
87.120.88.58,42
87.120.88.59,80
87.121.221.176,1
87.121.221.66,4
87.15.137.89,1
87.190.11.11,1
87.197.188.235,4
87.199.30.43,8
87.236.176.10,1
87.236.176.101,1
87.236.176.103,1
87.236.176.104,1
87.236.176.105,3
87.236.176.106,1
87.236.176.110,1
87.236.176.111,2
87.236.176.112,2
87.236.176.113,2
87.236.176.114,1
87.236.176.116,1
87.236.176.117,4
87.236.176.118,3
87.236.176.119,1
87.236.176.12,5
87.236.176.120,2
87.236.176.121,4
87.236.176.122,1
87.236.176.123,2
87.236.176.125,9
87.236.176.126,1
87.236.176.127,1
87.236.176.129,2
87.236.176.13,1
87.236.176.130,3
87.236.176.131,1
87.236.176.133,3
87.236.176.135,1
87.236.176.136,2
87.236.176.137,6
87.236.176.138,3
87.236.176.139,2
87.236.176.140,2
87.236.176.141,3
87.236.176.142,1
87.236.176.143,4
87.236.176.144,2
87.236.176.147,1
87.236.176.148,1
87.236.176.149,1
87.236.176.15,1
87.236.176.150,2
87.236.176.151,4
87.236.176.152,1
87.236.176.153,2
87.236.176.154,1
87.236.176.155,3
87.236.176.156,5
87.236.176.157,1
87.236.176.158,1
87.236.176.160,2
87.236.176.161,3
87.236.176.162,2
87.236.176.163,2
87.236.176.164,1
87.236.176.165,3
87.236.176.166,2
87.236.176.167,1
87.236.176.168,3
87.236.176.169,2
87.236.176.170,5
87.236.176.171,2
87.236.176.172,2
87.236.176.173,1
87.236.176.174,3
87.236.176.175,4
87.236.176.177,3
87.236.176.180,1
87.236.176.181,4
87.236.176.184,5
87.236.176.185,2
87.236.176.186,2
87.236.176.187,3
87.236.176.189,1
87.236.176.19,1
87.236.176.191,4
87.236.176.192,2
87.236.176.193,2
87.236.176.194,1
87.236.176.195,7
87.236.176.197,1
87.236.176.198,5
87.236.176.199,1
87.236.176.20,2
87.236.176.200,1
87.236.176.201,2
87.236.176.202,1
87.236.176.203,2
87.236.176.204,1
87.236.176.205,2
87.236.176.206,3
87.236.176.207,2
87.236.176.208,3
87.236.176.209,1
87.236.176.21,1
87.236.176.211,2
87.236.176.212,2
87.236.176.213,1
87.236.176.214,2
87.236.176.215,1
87.236.176.216,1
87.236.176.217,4
87.236.176.218,1
87.236.176.219,2
87.236.176.22,1
87.236.176.220,4
87.236.176.222,3
87.236.176.223,1
87.236.176.224,4
87.236.176.225,1
87.236.176.226,3
87.236.176.227,1
87.236.176.228,1
87.236.176.229,1
87.236.176.23,3
87.236.176.230,2
87.236.176.231,1
87.236.176.232,2
87.236.176.234,2
87.236.176.237,1
87.236.176.238,2
87.236.176.239,2
87.236.176.240,1
87.236.176.243,2
87.236.176.245,1
87.236.176.246,3
87.236.176.247,2
87.236.176.249,3
87.236.176.251,3
87.236.176.253,3
87.236.176.26,1
87.236.176.29,1
87.236.176.30,2
87.236.176.32,3
87.236.176.33,2
87.236.176.37,1
87.236.176.38,4
87.236.176.39,1
87.236.176.4,3
87.236.176.40,1
87.236.176.41,3
87.236.176.43,1
87.236.176.44,4
87.236.176.45,3
87.236.176.46,3
87.236.176.47,5
87.236.176.48,4
87.236.176.49,2
87.236.176.5,1
87.236.176.50,6
87.236.176.51,4
87.236.176.52,7
87.236.176.53,1
87.236.176.54,1
87.236.176.55,3
87.236.176.56,3
87.236.176.57,3
87.236.176.58,5
87.236.176.59,3
87.236.176.60,3
87.236.176.61,3
87.236.176.62,7
87.236.176.63,3
87.236.176.64,3
87.236.176.65,5
87.236.176.66,4
87.236.176.67,1
87.236.176.68,5
87.236.176.69,4
87.236.176.71,3
87.236.176.72,3
87.236.176.73,2
87.236.176.75,1
87.236.176.76,3
87.236.176.77,7
87.236.176.78,1
87.236.176.79,2
87.236.176.80,1
87.236.176.82,7
87.236.176.83,2
87.236.176.84,1
87.236.176.85,4
87.236.176.87,1
87.236.176.91,1
87.236.176.92,1
87.236.176.95,3
87.236.176.96,3
87.236.176.97,4
87.236.176.99,4
87.248.7.72,1
87.249.134.38,2
87.6.119.92,69
87.6.136.156,1
87.6.239.104,2
88.100.26.87,4
88.103.9.174,1
88.107.184.195,1
88.109.178.13,2
88.146.120.15,1
88.157.168.50,1
88.161.14.101,3
88.172.135.117,21
88.199.82.10,1
88.204.35.78,1
88.214.21.14,1
88.247.131.88,2
88.42.228.46,1
89.109.206.248,1
89.109.50.85,1
89.133.21.225,4
89.134.57.168,4
89.147.109.226,1
89.151.139.54,1
89.169.15.33,1
89.169.3.212,1
89.201.168.226,1
89.221.58.226,1
89.23.103.95,2
89.232.52.112,1
89.24.137.210,1
89.248.167.131,3
89.32.194.3,1
89.40.54.114,1
89.43.98.86,1
89.44.130.106,1
89.47.200.27,1
90.139.88.36,11
90.151.171.106,32
90.169.110.161,3
90.180.137.191,1
91.108.132.229,1
91.109.136.112,1
91.153.223.101,1
91.195.69.233,1
91.201.172.247,1
91.201.174.241,1
91.205.8.50,1
91.206.244.2,1
91.209.143.63,125
91.215.89.239,1
91.217.77.164,3
91.224.92.110,8
91.224.92.16,173
91.234.124.115,1
91.235.175.159,1
91.238.99.242,6
91.241.153.158,1
91.242.96.254,1
91.243.167.139,1
91.243.167.16,1
91.243.167.168,1
91.243.167.66,1
91.244.172.63,1
91.247.39.207,1
91.92.95.28,1
91.92.98.231,1
92.118.230.124,1
92.118.39.242,9
92.118.39.248,41
92.118.39.40,126
92.118.39.81,280
92.118.39.84,290
92.188.136.44,3
92.19.225.242,1
92.204.128.155,6
92.204.146.224,2
92.249.172.29,4
92.38.45.250,2
92.6.134.199,1
93.117.11.209,1
93.117.3.39,1
93.117.3.85,1
93.117.31.47,1
93.117.5.228,1
93.148.247.119,1
93.157.191.219,1
93.157.255.120,1
93.174.95.106,14
93.181.238.17,1
93.183.136.60,1
93.184.122.88,1
93.44.203.44,16
93.47.14.119,4
93.56.203.194,4
93.76.255.145,1
93.87.39.149,1
93.91.196.242,1
94.102.61.39,40
94.102.61.45,55
94.102.61.52,220
94.125.53.237,1
94.139.191.238,1
94.158.244.54,2
94.177.12.102,2
94.182.0.113,1
94.182.1.26,1
94.182.234.217,1
94.183.48.56,1
94.187.43.81,1
94.198.238.112,1
94.21.134.41,4
94.230.151.112,1
94.251.19.230,2
94.251.5.51,1
94.40.45.2,1
94.64.216.230,132
94.67.48.66,49
94.73.11.17,5
95.107.161.219,1
95.107.170.208,1
95.111.236.86,5
95.132.98.183,1
95.161.223.250,1
95.170.156.247,1
95.174.212.55,1
95.176.130.231,1
95.179.196.111,1
95.181.161.81,5
95.182.120.215,3
95.182.77.49,2
95.214.26.112,4
95.214.53.99,19
95.214.54.154,4
95.214.55.244,18
95.215.118.21,1
95.215.234.35,1
95.220.138.195,1
95.245.166.28,12
95.249.160.153,4
95.25.126.162,1
95.250.174.17,268
95.28.74.221,1
95.37.35.161,1
95.38.133.132,1
95.38.166.68,1
95.38.179.156,1
95.38.183.201,1
95.38.192.138,1
95.73.88.118,1
95.78.118.134,1
95.81.111.45,3
95.85.47.13,1
96.36.104.38,1
96.36.7.11,2
96.55.25.77,1
96.69.226.181,1
96.92.24.30,1
98.159.100.141,16
98.159.98.181,20
98.47.162.249,1
98.96.193.11,6
99.117.114.91,1
99.131.29.250,1
99.180.70.89,1
99.28.179.5,1
99.47.160.5,2
